100,data3,0.0202,0.0088,0.0096,4.0407,-0.7712,0.0012
100,data2,-0.074,-0.0794,-0.0327,3.834,-0.6386,-0.003
100,data1,-0.0024,-0.0121,-0.0031,3.7571,-0.8039,0.0002
100,data5,0.042,-0.007,0.0081,4.1109,-0.8727,0.0005
100,data4,0.0487,0.0606,0.0224,3.958,-0.5653,0.0021
100,data6,0.0943,0.0699,0.0343,3.9421,-0.5807,0.0036
200,data3,0.1529,0.04,0.0393,3.954,-1.3882,0.0065
200,data2,0.1774,0.0681,0.0498,3.8397,-1.2029,0.0154
200,data1,0.1841,0.0737,0.0521,3.6021,-1.4118,0.0124
200,data5,0.1838,0.0346,0.0472,3.9608,-1.6063,0.0079
200,data4,0.1593,0.0298,0.0391,3.8558,-1.2125,0.0074
200,data6,0.2164,0.0224,0.0496,3.8832,-1.2762,0.0087
300,data3,0.3935,0.0894,0.0957,3.7797,-1.94,0.0157
300,data2,0.3788,0.1087,0.0948,3.6607,-1.6297,0.0197
300,data1,0.3519,0.1085,0.0948,3.2982,-1.9217,0.0171
300,data5,0.4498,0.1193,0.111,3.729,-2.0842,0.0169
300,data4,0.3528,0.0796,0.0837,3.6979,-1.5902,0.0179
300,data6,0.4606,0.1113,0.1099,3.7864,-1.7635,0.0215
400,data3,0.6087,0.1294,0.1417,3.6019,-2.4269,0.0145
400,data2,0.5212,0.1399,0.1361,3.47,-2.0297,0.0184
400,data1,0.5366,0.1316,0.1334,3.0857,-2.2635,0.0156
400,data5,0.6543,0.1866,0.1662,3.4614,-2.5016,0.0152
400,data4,0.5408,0.0911,0.1227,3.5516,-2.1057,0.0168
400,data6,0.656,0.0958,0.1364,3.6363,-2.3191,0.0201
500,data3,0.7938,0.23,0.1983,3.3884,-2.7592,0.0219
500,data2,0.6011,0.2015,0.1594,3.2934,-2.394,0.0155
500,data1,0.6463,0.1896,0.1641,2.9044,-2.626,0.0213
500,data5,0.805,0.2808,0.2153,3.1645,-2.7495,0.0216
500,data4,0.6991,0.193,0.1659,3.3532,-2.3476,0.0223
500,data6,0.8206,0.1704,0.1824,3.4657,-2.6343,0.0263
600,data3,1.4809,0.2869,0.3507,3.2649,-2.8341,0.0188
600,data2,1.2435,0.2293,0.2901,3.2098,-2.5453,0.0134
600,data1,1.2657,0.2327,0.2916,2.8713,-2.7539,0.0188
600,data5,1.4215,0.3331,0.3504,3.0369,-2.7748,0.0185
600,data4,1.3724,0.2095,0.3101,3.2202,-2.4992,0.0194
600,data6,1.5899,0.2298,0.3401,3.3071,-2.7312,0.0226
700,data3,1.8421,0.5218,0.5064,3.1987,-2.9481,0.017
700,data2,1.6094,0.3866,0.4356,3.1372,-2.6911,0.0122
700,data1,1.6752,0.3923,0.4349,2.8089,-2.9036,0.0164
700,data5,1.8762,0.4924,0.5157,2.9283,-2.875,0.0164
700,data4,1.8616,0.3565,0.4674,3.1703,-2.564,0.0172
700,data6,1.9571,0.4734,0.5072,3.198,-2.8282,0.0203
800,data3,2.1573,0.8087,0.6274,3.1136,-3.134,0.2905
800,data2,1.9987,0.6822,0.557,3.0966,-2.8825,0.2426
800,data1,1.8867,0.6365,0.5428,2.7712,-3.1024,0.276
800,data5,2.1787,0.8008,0.6452,2.8689,-3.0064,0.2934
800,data4,2.1564,0.6632,0.5928,3.0909,-2.7462,0.2509
800,data6,2.2743,0.7901,0.6323,3.1151,-3.003,0.294
900,data3,2.2872,0.9794,0.7048,3.0184,-3.3022,0.2729
900,data2,2.2444,0.9397,0.6649,3.0924,-3.0408,0.2263
900,data1,2.1704,0.8549,0.6261,2.7376,-3.2549,0.2529
900,data5,2.4008,1.0329,0.737,2.8116,-3.1787,0.271
900,data4,2.4152,0.9081,0.6878,3.0613,-2.9059,0.2339
900,data6,2.5072,0.9625,0.7227,3.0512,-3.1421,0.274
1000,data3,2.3012,1.1553,0.7444,2.9155,-3.4753,0.4596
1000,data2,2.3449,1.0919,0.7386,3.0198,-3.233,0.4274
1000,data1,2.212,0.9831,0.6947,2.6947,-3.4819,0.4333
1000,data5,2.4085,1.211,0.7901,2.7248,-3.4619,0.4927
1000,data4,2.3748,1.0792,0.7435,2.9601,-3.1615,0.4322
1000,data6,2.5181,1.1572,0.7702,2.9541,-3.4183,0.4709
1100,data3,2.2138,1.263,0.7433,2.8036,-3.7151,0.4408
1100,data2,2.2661,1.2257,0.7533,2.9064,-3.4421,0.4091
1100,data1,2.1191,1.1322,0.6905,2.5765,-3.7263,0.4116
1100,data5,2.2733,1.3077,0.7774,2.581,-3.6812,0.4654
1100,data4,2.3003,1.2505,0.7484,2.8552,-3.343,0.4149
1100,data6,2.4319,1.2704,0.7706,2.8542,-3.5989,0.4535
1200,data3,2.1281,1.2813,0.7187,2.6944,-3.8923,0.4312
1200,data2,2.1807,1.3283,0.7358,2.8016,-3.6404,0.3982
1200,data1,2.0379,1.1574,0.6696,2.4859,-3.9033,0.3915
1200,data5,2.1594,1.3479,0.7422,2.4585,-3.8726,0.4473
1200,data4,2.2014,1.3073,0.7246,2.7433,-3.5317,0.4027
1200,data6,2.3337,1.3022,0.7425,2.7423,-3.8034,0.4355
1300,data3,2.0464,1.2616,0.6844,2.594,-4.0526,0.4136
1300,data2,2.0963,1.3265,0.7048,2.6965,-3.795,0.3815
1300,data1,1.9161,1.1282,0.6295,2.3464,-4.0425,0.3706
1300,data5,2.0562,1.2987,0.6994,2.344,-4.0272,0.4245
1300,data4,2.1161,1.2643,0.6907,2.6387,-3.6598,0.3866
1300,data6,2.2469,1.2703,0.7087,2.643,-3.9472,0.4183
1400,data3,1.9612,1.1771,0.6466,2.4927,-4.2243,0.397
1400,data2,2.0088,1.2409,0.669,2.5862,-3.9346,0.3645
1400,data1,1.8421,1.0331,0.591,2.2562,-4.164,0.3392
1400,data5,1.9538,1.1933,0.6527,2.2307,-4.1532,0.4021
1400,data4,2.0247,1.1784,0.6492,2.5261,-3.8504,0.369
1400,data6,2.1489,1.1649,0.6659,2.5301,-4.1197,0.3993
1500,data3,1.8847,1.0883,0.6082,2.3997,-4.3645,0.3817
1500,data2,1.9206,1.1421,0.6289,2.4756,-4.0829,0.349
1500,data1,1.7564,0.9411,0.5521,2.1557,-4.289,0.3235
1500,data5,1.8367,1.0855,0.6022,2.1138,-4.2551,0.3797
1500,data4,1.9449,1.0862,0.6107,2.4252,-3.9502,0.3544
1500,data6,2.0639,1.078,0.6277,2.4328,-4.2285,0.3842
1600,data3,1.9733,1.0136,0.5851,2.3389,-4.4401,0.3982
1600,data2,1.96,1.0478,0.6027,2.4119,-4.1748,0.3503
1600,data1,1.783,0.8763,0.5284,2.0894,-4.3748,0.3222
1600,data5,1.8496,1.0035,0.5693,2.0225,-4.2816,0.3694
1600,data4,1.9911,1.0015,0.5829,2.3483,-4.0268,0.3659
1600,data6,2.116,1.002,0.5988,2.3344,-4.2883,0.3961
1700,data3,2.0162,0.9563,0.5857,2.2918,-4.5095,0.3814
1700,data2,1.9986,0.9861,0.5946,2.3504,-4.2547,0.3347
1700,data1,1.8371,0.8277,0.5189,2.0421,-4.4409,0.3042
1700,data5,1.8938,0.9412,0.5594,1.9534,-4.3368,0.3505
1700,data4,2.058,0.9486,0.5783,2.2968,-4.0689,0.3497
1700,data6,2.0866,0.9451,0.5863,2.2129,-4.3293,0.3788
1800,data3,2.0533,0.9199,0.59,2.2006,-4.5584,0.3636
1800,data2,2.0493,0.949,0.5949,2.2936,-4.3553,0.3204
1800,data1,1.8425,0.8042,0.5244,1.9797,-4.5184,0.2933
1800,data5,1.8834,0.9025,0.5532,1.8435,-4.3701,0.335
1800,data4,2.0901,0.9055,0.5797,2.2255,-4.1167,0.3339
1800,data6,2.1098,0.9029,0.58,2.1107,-4.3717,0.3602
1900,data3,2.0661,0.9215,0.5985,2.1328,-4.6395,0.4635
1900,data2,2.0595,0.9252,0.6026,2.2302,-4.4322,0.4055
1900,data1,1.8876,0.7847,0.5318,1.9373,-4.5939,0.3587
1900,data5,1.896,0.8841,0.5556,1.7681,-4.4327,0.4094
1900,data4,2.1577,0.8862,0.5912,2.1777,-4.1852,0.4181
1900,data6,2.1341,0.8836,0.5844,2.0267,-4.4022,0.4223
2000,data3,2.042,0.9119,0.6033,2.0684,-4.6848,0.4458
2000,data2,2.0715,0.9229,0.6115,2.1645,-4.49,0.3903
2000,data1,1.8717,0.8013,0.5412,1.8784,-4.6572,0.3474
2000,data5,1.8525,0.8772,0.5548,1.696,-4.5159,0.3941
2000,data4,2.1015,0.8917,0.5984,2.0847,-4.262,0.4027
2000,data6,2.072,0.8802,0.5816,1.9296,-4.4703,0.4051
2100,data3,1.9828,0.9246,0.6,2.0082,-4.7833,0.4947
2100,data2,2.0174,0.9744,0.6121,2.1031,-4.5805,0.4647
2100,data1,1.8214,0.8121,0.5363,1.825,-4.7639,0.389
2100,data5,1.787,0.8849,0.5474,1.6382,-4.5998,0.4218
2100,data4,2.0535,0.9306,0.5986,2.0318,-4.3359,0.4398
2100,data6,2.0194,0.895,0.5772,1.8813,-4.5307,0.4309
2200,data3,1.9183,0.9283,0.5871,1.9429,-4.8349,0.4782
2200,data2,1.9616,0.976,0.604,2.0475,-4.6758,0.4504
2200,data1,1.7666,0.8417,0.5281,1.7712,-4.8335,0.3773
2200,data5,1.7249,0.8962,0.5344,1.5823,-4.6633,0.407
2200,data4,1.9861,0.9271,0.5875,1.9666,-4.3931,0.4255
2200,data6,1.9542,0.882,0.5619,1.8216,-4.5961,0.416
2300,data3,1.8584,0.9159,0.571,1.8821,-4.8893,0.463
2300,data2,1.9029,0.9635,0.5906,1.9898,-4.7451,0.4356
2300,data1,1.6935,0.8247,0.5104,1.7002,-4.8932,0.3599
2300,data5,1.6655,0.8928,0.518,1.5289,-4.7303,0.3923
2300,data4,1.9273,0.9383,0.5724,1.9076,-4.4513,0.412
2300,data6,1.894,0.8796,0.5453,1.7666,-4.6305,0.4022
2400,data3,1.7931,0.9065,0.5507,1.8189,-4.9517,0.4479
2400,data2,1.8424,0.9411,0.5733,1.9272,-4.8074,0.4219
2400,data1,1.6366,0.8091,0.493,1.6465,-4.9521,0.3485
2400,data5,1.6088,0.8682,0.4995,1.4773,-4.7857,0.3784
2400,data4,1.8582,0.9318,0.5511,1.8407,-4.5231,0.397
2400,data6,1.826,0.8452,0.5242,1.7048,-4.6832,0.3879
2500,data3,1.7382,0.873,0.5301,1.7667,-5.013,0.434
2500,data2,1.7782,0.9207,0.5526,1.8613,-4.8804,0.4067
2500,data1,1.5802,0.7809,0.4735,1.5918,-5.016,0.3362
2500,data5,1.5451,0.83,0.478,1.4204,-4.842,0.3592
2500,data4,1.8025,0.8983,0.532,1.7839,-4.5669,0.3842
2500,data6,1.7705,0.813,0.5057,1.6536,-4.7076,0.3759
2600,data3,1.7384,0.8393,0.5108,1.6963,-5.0351,0.4177
2600,data2,1.7746,0.901,0.5336,1.7914,-4.9034,0.3919
2600,data1,1.5655,0.7547,0.457,1.5248,-5.0386,0.3247
2600,data5,1.5152,0.7889,0.4597,1.3354,-4.8415,0.3476
2600,data4,1.7926,0.8496,0.5126,1.7099,-4.5864,0.3698
2600,data6,1.751,0.779,0.4864,1.5621,-4.7134,0.3622
2700,data3,1.7407,0.8134,0.5006,1.6445,-5.0467,0.4049
2700,data2,1.7543,0.8665,0.522,1.7272,-4.9468,0.3794
2700,data1,1.5761,0.7271,0.4455,1.4674,-5.0674,0.3124
2700,data5,1.5012,0.7503,0.4446,1.2583,-4.8615,0.3358
2700,data4,1.799,0.8184,0.5021,1.6461,-4.5953,0.3586
2700,data6,1.72,0.7519,0.4723,1.4783,-4.701,0.3512
2800,data3,1.7518,0.7822,0.4936,1.5728,-5.0357,0.4258
2800,data2,1.7636,0.8401,0.5141,1.6716,-4.9741,0.3974
2800,data1,1.5629,0.6981,0.4406,1.4149,-5.0918,0.3341
2800,data5,1.4704,0.7285,0.4326,1.1778,-4.8719,0.3587
2800,data4,1.7997,0.7922,0.4954,1.5872,-4.5985,0.3716
2800,data6,1.7092,0.7189,0.4623,1.4003,-4.7043,0.3512
2900,data3,1.746,0.7552,0.4907,1.5235,-5.0421,0.4149
2900,data2,1.7568,0.8199,0.5093,1.6149,-4.9892,0.3859
2900,data1,1.5727,0.6803,0.4356,1.3717,-5.0965,0.3236
2900,data5,1.4509,0.711,0.4228,1.1076,-4.8739,0.3483
2900,data4,1.8135,0.7712,0.4915,1.5371,-4.6079,0.3611
2900,data6,1.6982,0.7023,0.4555,1.3321,-4.6736,0.3417
3000,data3,1.7325,0.7433,0.4886,1.4826,-5.0334,0.435
3000,data2,1.7625,0.8031,0.5082,1.578,-5.0028,0.4054
3000,data1,1.5567,0.6784,0.4341,1.3314,-5.1029,0.3385
3000,data5,1.4112,0.6967,0.413,1.0588,-4.8884,0.3676
3000,data4,1.7779,0.7489,0.4893,1.4838,-4.618,0.3711
3000,data6,1.6616,0.6882,0.4492,1.2801,-4.68,0.3537
3100,data3,1.691,0.7281,0.4837,1.4427,-5.0538,0.4239
3100,data2,1.7204,0.7941,0.5035,1.5367,-5.0181,0.395
3100,data1,1.5201,0.6657,0.4269,1.2985,-5.1324,0.3288
3100,data5,1.3755,0.6768,0.4036,1.0317,-4.9024,0.3579
3100,data4,1.742,0.7347,0.4847,1.4526,-4.6384,0.3625
3100,data6,1.6268,0.6843,0.4432,1.2522,-4.6712,0.3461
3200,data3,1.6484,0.726,0.4758,1.407,-5.0633,0.4125
3200,data2,1.6822,0.7744,0.4969,1.5034,-5.0599,0.3844
3200,data1,1.4856,0.6614,0.4204,1.2668,-5.1445,0.3204
3200,data5,1.34,0.6554,0.3934,1.0041,-4.9097,0.3484
3200,data4,1.6994,0.7094,0.4765,1.4158,-4.6383,0.3529
3200,data6,1.5854,0.6626,0.4334,1.2206,-4.6817,0.3363
3300,data3,1.6063,0.7111,0.4661,1.3696,-5.0727,0.4023
3300,data2,1.6411,0.7594,0.4878,1.4688,-5.0832,0.3753
3300,data1,1.4382,0.6465,0.4089,1.2262,-5.1537,0.3109
3300,data5,1.307,0.6341,0.3831,0.9787,-4.9224,0.3394
3300,data4,1.6625,0.6976,0.4672,1.3842,-4.6608,0.3448
3300,data6,1.5465,0.6493,0.4234,1.1907,-4.6718,0.3282
3400,data3,1.563,0.695,0.4544,1.3339,-5.0791,0.3916
3400,data2,1.6004,0.7458,0.4771,1.432,-5.1131,0.3656
3400,data1,1.4016,0.6272,0.3985,1.1955,-5.1706,0.2972
3400,data5,1.2745,0.6117,0.3722,0.9535,-4.9285,0.3307
3400,data4,1.6162,0.6855,0.4541,1.3444,-4.6816,0.3349
3400,data6,1.503,0.6324,0.4111,1.1576,-4.6837,0.319
3500,data3,1.5251,0.6796,0.4427,1.304,-5.0973,0.3824
3500,data2,1.5572,0.7354,0.4644,1.3929,-5.1472,0.3561
3500,data1,1.363,0.6163,0.3868,1.163,-5.2009,0.2892
3500,data5,1.2346,0.593,0.3601,0.9234,-4.964,0.3265
3500,data4,1.5793,0.6687,0.4428,1.3127,-4.6922,0.3271
3500,data6,1.4676,0.6108,0.4007,1.1299,-4.6764,0.3117
3600,data3,1.5107,0.6605,0.4303,1.2504,-5.0983,0.3716
3600,data2,1.5512,0.7208,0.4524,1.3482,-5.1448,0.3465
3600,data1,1.3493,0.6003,0.3772,1.1232,-5.1957,0.2819
3600,data5,1.2119,0.5728,0.3496,0.8697,-4.9428,0.3191
3600,data4,1.5678,0.6532,0.4311,1.265,-4.6837,0.3178
3600,data6,1.4514,0.5937,0.3896,1.0786,-4.6727,0.3034
3700,data3,1.5004,0.649,0.4222,1.21,-5.0885,0.374
3700,data2,1.5327,0.7172,0.4437,1.3046,-5.158,0.3429
3700,data1,1.3597,0.585,0.3698,1.09,-5.1903,0.2782
3700,data5,1.1999,0.5527,0.3404,0.8237,-4.9389,0.3085
3700,data4,1.5654,0.6512,0.4231,1.2197,-4.6729,0.3278
3700,data6,1.4244,0.5803,0.38,1.0252,-4.6401,0.3086
3800,data3,1.5036,0.6326,0.4152,1.1623,-5.055,0.3645
3800,data2,1.532,0.7053,0.4366,1.2615,-5.1456,0.3346
3800,data1,1.3467,0.5774,0.3659,1.0571,-5.1688,0.2722
3800,data5,1.1707,0.5431,0.3319,0.7694,-4.9125,0.3023
3800,data4,1.5616,0.6365,0.4167,1.1774,-4.6471,0.3197
3800,data6,1.4112,0.5666,0.3723,0.9732,-4.6113,0.3007
3900,data3,1.4962,0.6263,0.4112,1.1307,-5.0425,0.3906
3900,data2,1.5272,0.6942,0.4318,1.2196,-5.1426,0.3502
3900,data1,1.3494,0.5627,0.362,1.0247,-5.1582,0.2839
3900,data5,1.1531,0.5286,0.3246,0.725,-4.8984,0.3082
3900,data4,1.5577,0.6313,0.4119,1.14,-4.6375,0.335
3900,data6,1.3995,0.5591,0.3666,0.9279,-4.5724,0.3079
4000,data3,1.4857,0.6181,0.4074,1.1034,-5.0084,0.3815
4000,data2,1.5288,0.6894,0.4287,1.1918,-5.1205,0.3427
4000,data1,1.3338,0.5573,0.3598,0.9983,-5.1359,0.2784
4000,data5,1.1231,0.5246,0.3164,0.6942,-4.8746,0.3022
4000,data4,1.5243,0.6203,0.4073,1.1041,-4.6072,0.3273
4000,data6,1.368,0.5467,0.3607,0.8931,-4.54,0.3006
4100,data3,1.4574,0.6122,0.4034,1.0798,-5.0004,0.3932
4100,data2,1.4983,0.6754,0.4247,1.1675,-5.1075,0.3566
4100,data1,1.309,0.5439,0.3549,0.9773,-5.1401,0.2816
4100,data5,1.1032,0.5137,0.3099,0.6809,-4.8575,0.2959
4100,data4,1.4991,0.6142,0.4028,1.0829,-4.6058,0.3339
4100,data6,1.3441,0.543,0.3556,0.8754,-4.5085,0.2961
4200,data3,1.4273,0.5987,0.3977,1.058,-4.9855,0.3849
4200,data2,1.4707,0.6633,0.4194,1.1458,-5.115,0.3496
4200,data1,1.2852,0.5359,0.3504,0.9581,-5.1258,0.2764
4200,data5,1.0822,0.5023,0.3027,0.6665,-4.8291,0.2902
4200,data4,1.4702,0.6037,0.3966,1.0597,-4.5739,0.3269
4200,data6,1.3173,0.533,0.3489,0.8569,-4.4836,0.2897
4300,data3,1.3981,0.5994,0.3912,1.035,-4.9672,0.377
4300,data2,1.4413,0.6488,0.4131,1.1243,-5.1178,0.3425
4300,data1,1.2528,0.5291,0.3428,0.9304,-5.1127,0.2673
4300,data5,1.0615,0.492,0.2958,0.6524,-4.8081,0.2842
4300,data4,1.4458,0.5921,0.3902,1.0413,-4.5685,0.3207
4300,data6,1.2903,0.5261,0.3422,0.8378,-4.4489,0.2837
4400,data3,1.3669,0.588,0.3833,1.0126,-4.9459,0.369
4400,data2,1.4109,0.6344,0.4059,1.0997,-5.1253,0.3357
4400,data1,1.2271,0.5232,0.336,0.9107,-5.1065,0.262
4400,data5,1.041,0.4775,0.2884,0.6387,-4.7784,0.2785
4400,data4,1.4133,0.5828,0.3816,1.0168,-4.5718,0.3133
4400,data6,1.262,0.5108,0.3343,0.8188,-4.4357,0.2774
4500,data3,1.34,0.5817,0.3755,0.9939,-4.9344,0.3618
4500,data2,1.3798,0.6186,0.3972,1.075,-5.1342,0.3286
4500,data1,1.2001,0.5122,0.3282,0.8883,-5.118,0.2563
4500,data5,1.013,0.467,0.2808,0.6193,-4.7883,0.2648
4500,data4,1.3874,0.5691,0.3739,0.9978,-4.5607,0.3073
4500,data6,1.2377,0.5023,0.3273,0.8021,-4.4049,0.2722
4600,data3,1.324,0.5699,0.3669,0.9574,-4.9132,0.3536
4600,data2,1.3755,0.6048,0.3889,1.0439,-5.1068,0.3209
4600,data1,1.1892,0.5054,0.3217,0.8607,-5.098,0.251
4600,data5,0.9943,0.452,0.2737,0.5815,-4.7525,0.2603
4600,data4,1.3726,0.5594,0.366,0.9651,-4.5539,0.2998
4600,data6,1.2255,0.4912,0.3203,0.7689,-4.3935,0.2662
4700,data3,1.3165,0.5552,0.3607,0.9302,-4.8828,0.347
4700,data2,1.36,0.5946,0.3829,1.0148,-5.1026,0.3145
4700,data1,1.1913,0.4962,0.316,0.838,-5.0812,0.2452
4700,data5,0.9891,0.4372,0.2672,0.5528,-4.7302,0.2555
4700,data4,1.3637,0.5495,0.3601,0.9328,-4.5266,0.2945
4700,data6,1.1988,0.4832,0.3131,0.7313,-4.3498,0.2613
4800,data3,1.3055,0.5428,0.3551,0.8985,-4.8435,0.3523
4800,data2,1.364,0.5913,0.3781,0.9877,-5.0747,0.3214
4800,data1,1.1805,0.4877,0.3128,0.8163,-5.0387,0.2535
4800,data5,0.9547,0.4239,0.2609,0.5167,-4.6897,0.2609
4800,data4,1.3538,0.5407,0.3547,0.9048,-4.4939,0.2962
4800,data6,1.172,0.4723,0.3069,0.6959,-4.3109,0.2449
4900,data3,1.2913,0.5296,0.3503,0.8738,-4.8127,0.3464
4900,data2,1.356,0.5829,0.3743,0.9565,-5.0541,0.3155
4900,data1,1.1821,0.4746,0.3094,0.793,-5.0175,0.2484
4900,data5,0.9375,0.4161,0.2545,0.4847,-4.6551,0.2568
4900,data4,1.3358,0.5346,0.3499,0.8766,-4.4657,0.2909
4900,data6,1.1446,0.4686,0.3005,0.6623,-4.2612,0.2411
5000,data3,1.2806,0.5189,0.3457,0.8525,-4.7684,0.3413
5000,data2,1.3551,0.5787,0.3712,0.9352,-5.0229,0.3164
5000,data1,1.1689,0.4708,0.3072,0.7744,-4.9883,0.2571
5000,data5,0.9101,0.4067,0.2478,0.4635,-4.6144,0.2579
5000,data4,1.3056,0.5326,0.3446,0.8515,-4.4174,0.2881
5000,data6,1.1197,0.4626,0.2941,0.6389,-4.2185,0.2324
5100,data3,1.2579,0.5083,0.3409,0.8359,-4.736,0.3352
5100,data2,1.331,0.5706,0.3676,0.9185,-4.9922,0.3107
5100,data1,1.1506,0.465,0.3032,0.7604,-4.9706,0.2521
5100,data5,0.8974,0.3981,0.2424,0.4561,-4.5654,0.2538
5100,data4,1.2861,0.5249,0.3397,0.8365,-4.4029,0.2835
5100,data6,1.1035,0.4505,0.2888,0.6279,-4.1815,0.229
5200,data3,1.2352,0.4979,0.3358,0.8214,-4.7078,0.3288
5200,data2,1.3114,0.5616,0.3635,0.9043,-4.9818,0.3052
5200,data1,1.1331,0.4567,0.2999,0.7478,-4.9422,0.2481
5200,data5,0.8837,0.3909,0.2372,0.4477,-4.5163,0.2497
5200,data4,1.2649,0.5167,0.3345,0.8209,-4.3579,0.2784
5200,data6,1.0858,0.4426,0.2832,0.6171,-4.1434,0.2247
5300,data3,1.2128,0.4921,0.3305,0.8056,-4.6779,0.3232
5300,data2,1.2907,0.5547,0.3591,0.8889,-4.9715,0.3002
5300,data1,1.1085,0.4515,0.2946,0.7288,-4.9171,0.2431
5300,data5,0.871,0.3799,0.2325,0.4401,-4.4818,0.2456
5300,data4,1.2467,0.5084,0.3294,0.8079,-4.3451,0.2739
5300,data6,1.0674,0.4301,0.278,0.6051,-4.0994,0.2211
5400,data3,1.1896,0.4843,0.3244,0.7905,-4.6451,0.3174
5400,data2,1.2671,0.5445,0.3538,0.872,-4.9645,0.2951
5400,data1,1.0894,0.4448,0.2898,0.7156,-4.8946,0.239
5400,data5,0.8575,0.3725,0.2276,0.4325,-4.4312,0.2417
5400,data4,1.223,0.4977,0.3232,0.7917,-4.3342,0.2685
5400,data6,1.0476,0.4245,0.2723,0.5931,-4.0679,0.2169
5500,data3,1.1694,0.4739,0.3186,0.7779,-4.6188,0.3119
5500,data2,1.2439,0.5341,0.3478,0.8555,-4.9587,0.2893
5500,data1,1.0694,0.4356,0.2845,0.7002,-4.8895,0.2316
5500,data5,0.8379,0.3718,0.2233,0.4206,-4.4119,0.243
5500,data4,1.2042,0.4885,0.3177,0.7787,-4.3155,0.2642
5500,data6,1.031,0.4174,0.2674,0.5829,-4.0221,0.2134
5600,data3,1.154,0.4711,0.3122,0.7514,-4.5941,0.306
5600,data2,1.2379,0.5204,0.3412,0.8308,-4.924,0.284
5600,data1,1.0489,0.4333,0.2794,0.6806,-4.8589,0.2276
5600,data5,0.8051,0.3618,0.2181,0.394,-4.3656,0.2397
5600,data4,1.1955,0.4771,0.3122,0.7546,-4.3042,0.2601
5600,data6,1.0075,0.411,0.2631,0.5577,-4.008,0.2126
5700,data3,1.1506,0.467,0.3073,0.7311,-4.5543,0.3058
5700,data2,1.2274,0.5118,0.3367,0.8101,-4.9075,0.2819
5700,data1,1.0499,0.4275,0.2745,0.6632,-4.8321,0.2219
5700,data5,0.7742,0.3507,0.2122,0.3691,-4.3323,0.2241
5700,data4,1.1794,0.4715,0.3075,0.7298,-4.2786,0.2643
5700,data6,0.9717,0.4,0.2567,0.5299,-3.9658,0.209
5800,data3,1.1168,0.459,0.3018,0.7066,-4.5143,0.3008
5800,data2,1.2258,0.5028,0.3326,0.7901,-4.8699,0.2772
5800,data1,1.0308,0.4229,0.2713,0.6476,-4.7898,0.2186
5800,data5,0.7269,0.3415,0.205,0.3442,-4.28,0.2214
5800,data4,1.1592,0.4634,0.3018,0.709,-4.2378,0.2599
5800,data6,0.9305,0.3908,0.2493,0.5031,-3.9178,0.2055
5900,data3,1.0986,0.4529,0.2963,0.6884,-4.4781,0.2944
5900,data2,1.2163,0.4954,0.3293,0.7673,-4.8547,0.2822
5900,data1,1.0181,0.415,0.2677,0.6301,-4.7634,0.2169
5900,data5,0.681,0.3308,0.1972,0.3186,-4.2425,0.1916
5900,data4,1.1359,0.454,0.2966,0.6871,-4.2067,0.2499
5900,data6,0.887,0.3825,0.2416,0.4765,-3.8659,0.1877
6000,data3,1.0835,0.4415,0.2908,0.6729,-4.431,0.2896
6000,data2,1.2098,0.4856,0.3258,0.7518,-4.8164,0.2779
6000,data1,0.9994,0.4098,0.2643,0.6167,-4.7244,0.2139
6000,data5,0.6567,0.3234,0.1885,0.3028,-4.1841,0.1893
6000,data4,1.1073,0.4443,0.2903,0.6684,-4.1479,0.2457
6000,data6,0.8579,0.3711,0.233,0.4586,-3.8104,0.1846
6100,data3,1.0661,0.4298,0.2857,0.6615,-4.3908,0.2896
6100,data2,1.1916,0.48,0.3222,0.7405,-4.7903,0.2774
6100,data1,0.9856,0.4018,0.2601,0.6071,-4.6918,0.2097
6100,data5,0.6489,0.3119,0.1818,0.2989,-4.1256,0.1757
6100,data4,1.0934,0.4369,0.2848,0.6579,-4.1317,0.2363
6100,data6,0.8452,0.3646,0.226,0.451,-3.7666,0.1756
6200,data3,1.0489,0.42,0.2808,0.6517,-4.36,0.2851
6200,data2,1.1765,0.4729,0.3185,0.7306,-4.7631,0.2734
6200,data1,0.9715,0.3975,0.2568,0.5988,-4.6556,0.2069
6200,data5,0.6406,0.3023,0.176,0.294,-4.0685,0.1735
6200,data4,1.0773,0.4288,0.2795,0.6472,-4.0824,0.2326
6200,data6,0.8334,0.3566,0.2196,0.4441,-3.7252,0.1729
6300,data3,1.0324,0.4111,0.2761,0.6406,-4.3271,0.2809
6300,data2,1.1612,0.4653,0.3149,0.7199,-4.748,0.2695
6300,data1,0.9523,0.3878,0.2523,0.585,-4.6193,0.2032
6300,data5,0.6324,0.2919,0.1712,0.2896,-4.0256,0.1711
6300,data4,1.0627,0.4242,0.2746,0.6378,-4.0623,0.2294
6300,data6,0.8205,0.3469,0.214,0.4361,-3.6773,0.1705
6400,data3,1.0152,0.4041,0.2712,0.6303,-4.2909,0.2765
6400,data2,1.1424,0.4588,0.3107,0.7076,-4.7251,0.2653
6400,data1,0.9377,0.3823,0.2486,0.576,-4.5892,0.1977
6400,data5,0.624,0.2831,0.1668,0.2853,-3.9658,0.1688
6400,data4,1.0441,0.4139,0.2693,0.6268,-4.0419,0.2254
6400,data6,0.8073,0.3362,0.2087,0.4286,-3.6424,0.1677
6500,data3,1.0001,0.3941,0.2667,0.6215,-4.2574,0.2725
6500,data2,1.1242,0.4497,0.3061,0.696,-4.7086,0.2612
6500,data1,0.9227,0.3733,0.2446,0.5653,-4.5766,0.1945
6500,data5,0.6109,0.2866,0.1639,0.2779,-3.9388,0.1586
6500,data4,1.0291,0.4041,0.2646,0.6174,-4.0185,0.2223
6500,data6,0.7961,0.3282,0.2042,0.4222,-3.5913,0.1654
6600,data3,0.9721,0.3861,0.2614,0.6014,-4.2312,0.268
6600,data2,1.1144,0.4392,0.3013,0.6802,-4.6781,0.257
6600,data1,0.9001,0.3667,0.2411,0.5511,-4.5363,0.1921
6600,data5,0.5789,0.2755,0.1597,0.2617,-3.8879,0.1568
6600,data4,1.0049,0.3952,0.2606,0.5994,-4.0121,0.2251
6600,data6,0.759,0.3183,0.2008,0.4031,-3.5702,0.1688
6700,data3,0.9581,0.3799,0.2566,0.5857,-4.183,0.2643
6700,data2,1.0961,0.4334,0.2972,0.6647,-4.6571,0.2534
6700,data1,0.8824,0.3592,0.236,0.5368,-4.5014,0.1889
6700,data5,0.5313,0.2671,0.1539,0.2405,-3.8487,0.1549
6700,data4,0.9776,0.3864,0.2556,0.5794,-3.9842,0.2224
6700,data6,0.7205,0.3081,0.1944,0.3813,-3.5233,0.1666
6800,data3,0.9251,0.3732,0.2511,0.567,-4.1431,0.2585
6800,data2,1.0757,0.4235,0.2927,0.6497,-4.6194,0.2477
6800,data1,0.862,0.3523,0.2321,0.5243,-4.4658,0.1847
6800,data5,0.4959,0.2573,0.1473,0.2267,-3.7965,0.1295
6800,data4,0.9472,0.3771,0.2498,0.5622,-3.9387,0.2155
6800,data6,0.6751,0.2995,0.187,0.3605,-3.4778,0.1479
6900,data3,0.9029,0.3664,0.2454,0.553,-4.0998,0.2553
6900,data2,1.0489,0.4137,0.2881,0.6311,-4.6041,0.2445
6900,data1,0.8398,0.3454,0.2274,0.5105,-4.4282,0.1819
6900,data5,0.4515,0.2505,0.1395,0.2054,-3.7509,0.1281
6900,data4,0.921,0.3695,0.2435,0.5449,-3.909,0.2128
6900,data6,0.637,0.2913,0.1792,0.3392,-3.4199,0.1463
7000,data3,0.8839,0.3608,0.2396,0.5416,-4.053,0.2474
7000,data2,1.0322,0.4041,0.2828,0.6192,-4.5551,0.2343
7000,data1,0.8242,0.3428,0.2231,0.5006,-4.3868,0.1749
7000,data5,0.4319,0.2416,0.1312,0.193,-3.6859,0.1004
7000,data4,0.8988,0.3611,0.2371,0.5308,-3.8433,0.2015
7000,data6,0.6129,0.2813,0.1708,0.3255,-3.3632,0.1257
7100,data3,0.871,0.3519,0.2341,0.5332,-4.0082,0.244
7100,data2,1.0167,0.3982,0.2779,0.61,-4.5232,0.2311
7100,data1,0.8121,0.3354,0.2183,0.4935,-4.3462,0.1722
7100,data5,0.4259,0.232,0.1243,0.1906,-3.6223,0.0993
7100,data4,0.8889,0.3526,0.2315,0.5233,-3.819,0.1991
7100,data6,0.6047,0.2726,0.1637,0.3204,-3.3109,0.1243
7200,data3,0.8581,0.3424,0.2293,0.5253,-3.972,0.2408
7200,data2,1.0037,0.3913,0.2733,0.6024,-4.4844,0.2279
7200,data1,0.8015,0.3267,0.2146,0.4876,-4.3052,0.1701
7200,data5,0.4209,0.2222,0.1183,0.1876,-3.5593,0.0981
7200,data4,0.876,0.3431,0.2263,0.5157,-3.7636,0.1963
7200,data6,0.5959,0.2619,0.1573,0.3154,-3.2638,0.1226
7300,data3,0.8459,0.3336,0.2249,0.5174,-3.9358,0.2377
7300,data2,0.9919,0.3854,0.2693,0.5945,-4.4661,0.2251
7300,data1,0.7851,0.3217,0.2101,0.4771,-4.26,0.1674
7300,data5,0.4148,0.212,0.1131,0.1851,-3.5078,0.097
7300,data4,0.8652,0.3343,0.2217,0.509,-3.7374,0.1939
7300,data6,0.5868,0.2543,0.1518,0.31,-3.2094,0.1211
7400,data3,0.8336,0.3262,0.2206,0.5099,-3.8958,0.2345
7400,data2,0.977,0.3775,0.265,0.5849,-4.4346,0.2221
7400,data1,0.7743,0.3153,0.2065,0.4705,-4.226,0.1653
7400,data5,0.4089,0.2028,0.1085,0.1823,-3.4416,0.0959
7400,data4,0.8518,0.3264,0.2169,0.5012,-3.7111,0.191
7400,data6,0.5777,0.2448,0.1466,0.3049,-3.1677,0.1194
7500,data3,0.8225,0.3187,0.2167,0.5033,-3.8584,0.2314
7500,data2,0.9628,0.3724,0.2608,0.5763,-4.4109,0.2188
7500,data1,0.762,0.3105,0.2028,0.4625,-4.2055,0.1613
7500,data5,0.4001,0.2034,0.1057,0.1781,-3.4016,0.1015
7500,data4,0.8408,0.3185,0.2128,0.4946,-3.6879,0.1886
7500,data6,0.5703,0.2352,0.1422,0.3007,-3.1129,0.1179
7600,data3,0.7919,0.3105,0.212,0.4844,-3.8268,0.2285
7600,data2,0.9426,0.3645,0.2564,0.5633,-4.3784,0.2158
7600,data1,0.7446,0.3046,0.1996,0.4523,-4.1604,0.1596
7600,data5,0.3745,0.1938,0.1017,0.1721,-3.3484,0.1006
7600,data4,0.8184,0.3115,0.2105,0.4801,-3.6788,0.1868
7600,data6,0.5431,0.231,0.1402,0.2892,-3.096,0.1146
7700,data3,0.7685,0.3036,0.2071,0.4713,-3.7802,0.2192
7700,data2,0.9205,0.3608,0.252,0.5505,-4.3524,0.2099
7700,data1,0.731,0.2984,0.1951,0.4415,-4.1189,0.1532
7700,data5,0.3398,0.1857,0.0968,0.1587,-3.3056,0.0888
7700,data4,0.7906,0.3059,0.2056,0.4643,-3.6523,0.1751
7700,data6,0.5123,0.221,0.1345,0.2717,-3.0469,0.0979
7800,data3,0.7396,0.2947,0.2017,0.4559,-3.7372,0.2164
7800,data2,0.8951,0.354,0.2469,0.5371,-4.311,0.2072
7800,data1,0.7144,0.2928,0.1914,0.4314,-4.079,0.1515
7800,data5,0.3165,0.1765,0.0914,0.1518,-3.2494,0.0881
7800,data4,0.7621,0.2959,0.2,0.4485,-3.6005,0.173
7800,data6,0.4744,0.2094,0.1281,0.2546,-2.9946,0.0967
7900,data3,0.7181,0.2854,0.1963,0.4439,-3.6944,0.2032
7900,data2,0.8682,0.3462,0.2417,0.5221,-4.2902,0.1999
7900,data1,0.6929,0.2836,0.1869,0.4205,-4.0305,0.1478
7900,data5,0.2814,0.1675,0.0858,0.1367,-3.2026,0.0692
7900,data4,0.7353,0.2883,0.1939,0.4347,-3.5683,0.1617
7900,data6,0.4422,0.2029,0.1217,0.2371,-2.9345,0.0777
8000,data3,0.6978,0.2776,0.1904,0.4334,-3.6438,0.2007
8000,data2,0.847,0.3395,0.2359,0.511,-4.2346,0.1975
8000,data1,0.6797,0.2778,0.1828,0.4126,-3.9877,0.1462
8000,data5,0.2654,0.1583,0.0795,0.1265,-3.1305,0.0686
8000,data4,0.7168,0.2803,0.1877,0.423,-3.4956,0.1596
8000,data6,0.4224,0.1932,0.1148,0.2261,-2.8696,0.0768
8100,data3,0.689,0.2693,0.185,0.4274,-3.5981,0.1953
8100,data2,0.8349,0.3304,0.2306,0.5035,-4.2017,0.1913
8100,data1,0.6702,0.2696,0.1783,0.4075,-3.9424,0.1428
8100,data5,0.2615,0.1486,0.0741,0.1251,-3.0681,0.0617
8100,data4,0.7073,0.2723,0.1824,0.4175,-3.4677,0.1553
8100,data6,0.4172,0.185,0.109,0.2226,-2.8131,0.0728
8200,data3,0.68,0.2602,0.1802,0.4216,-3.5543,0.1929
8200,data2,0.8237,0.324,0.2256,0.4967,-4.1529,0.189
8200,data1,0.6622,0.2632,0.1747,0.4027,-3.9032,0.1413
8200,data5,0.258,0.1384,0.0694,0.123,-3.0006,0.0611
8200,data4,0.6977,0.2648,0.1774,0.4118,-3.4099,0.1534
8200,data6,0.4102,0.1769,0.1036,0.2186,-2.7602,0.072
8300,data3,0.6714,0.2558,0.176,0.4158,-3.5186,0.1907
8300,data2,0.8137,0.3151,0.2213,0.4903,-4.1328,0.1869
8300,data1,0.6495,0.2547,0.1706,0.3946,-3.8594,0.1393
8300,data5,0.2541,0.129,0.0651,0.1215,-2.9455,0.0605
8300,data4,0.6891,0.2567,0.1729,0.4065,-3.3802,0.1517
8300,data6,0.404,0.1685,0.0989,0.2149,-2.7011,0.0712
8400,data3,0.6624,0.2492,0.1719,0.4103,-3.4713,0.1883
8400,data2,0.8022,0.3091,0.2168,0.4828,-4.0942,0.1845
8400,data1,0.6405,0.2503,0.1672,0.3891,-3.8278,0.1352
8400,data5,0.2505,0.1203,0.0613,0.1197,-2.8774,0.0599
8400,data4,0.6792,0.2512,0.1685,0.4009,-3.3489,0.1497
8400,data6,0.3982,0.1576,0.0945,0.2116,-2.6525,0.0703
8500,data3,0.6539,0.2432,0.1683,0.4051,-3.429,0.1861
8500,data2,0.7918,0.3016,0.2127,0.4763,-4.07,0.1823
8500,data1,0.6304,0.2439,0.1635,0.3829,-3.7986,0.1334
8500,data5,0.2453,0.12,0.0593,0.1174,-2.8334,0.0525
8500,data4,0.6706,0.2442,0.1647,0.3959,-3.3255,0.148
8500,data6,0.3937,0.149,0.0907,0.209,-2.5945,0.0696
8600,data3,0.6262,0.2329,0.1634,0.3871,-3.3856,0.1839
8600,data2,0.7721,0.2968,0.2089,0.4652,-4.0406,0.1811
8600,data1,0.6169,0.2364,0.1605,0.3739,-3.7493,0.1322
8600,data5,0.2262,0.1117,0.056,0.1146,-2.7788,0.0521
8600,data4,0.6589,0.2443,0.1637,0.392,-3.3147,0.1459
8600,data6,0.3649,0.1477,0.0879,0.197,-2.5725,0.0731
8700,data3,0.6066,0.2265,0.1592,0.3764,-3.3391,0.1819
8700,data2,0.7538,0.2889,0.2044,0.4544,-4.0103,0.1791
8700,data1,0.6074,0.2309,0.1568,0.3655,-3.7066,0.1304
8700,data5,0.2123,0.1042,0.0524,0.1132,-2.7313,0.0516
8700,data4,0.6343,0.2361,0.1594,0.3787,-3.2839,0.1446
8700,data6,0.339,0.1386,0.0833,0.1824,-2.5175,0.0724
8800,data3,0.5824,0.22,0.1546,0.3638,-3.2945,0.1701
8800,data2,0.7321,0.2822,0.1995,0.4431,-3.9656,0.1707
8800,data1,0.5941,0.2247,0.1537,0.3573,-3.6655,0.1279
8800,data5,0.2046,0.0965,0.0494,0.1169,-2.6763,0.0421
8800,data4,0.6101,0.2285,0.1547,0.3654,-3.2308,0.1325
8800,data6,0.3078,0.1303,0.0784,0.1682,-2.4641,0.0592
8900,data3,0.5645,0.2124,0.1501,0.3538,-3.2517,0.1684
8900,data2,0.7095,0.2749,0.1946,0.4304,-3.9329,0.1689
8900,data1,0.577,0.2192,0.1502,0.3485,-3.6134,0.1264
8900,data5,0.1775,0.0898,0.0463,0.1077,-2.6299,0.0417
8900,data4,0.5872,0.2201,0.1497,0.3538,-3.1935,0.1312
8900,data6,0.2801,0.1241,0.0733,0.1533,-2.4032,0.0587
9000,data3,0.5489,0.2054,0.1453,0.3459,-3.1956,0.1594
9000,data2,0.6923,0.2682,0.1896,0.4213,-3.8814,0.162
9000,data1,0.5673,0.2127,0.1469,0.3424,-3.5698,0.119
9000,data5,0.1639,0.0839,0.0425,0.0991,-2.5602,0.0225
9000,data4,0.5729,0.2134,0.1448,0.3444,-3.1248,0.1205
9000,data6,0.2646,0.1168,0.0681,0.1444,-2.3384,0.0438
9100,data3,0.5428,0.1984,0.1409,0.3418,-3.1488,0.1577
9100,data2,0.6831,0.2596,0.1848,0.4154,-3.8465,0.1602
9100,data1,0.5601,0.2064,0.1434,0.3386,-3.5221,0.1175
9100,data5,0.1611,0.0773,0.039,0.0981,-2.499,0.0223
9100,data4,0.5654,0.2067,0.1404,0.3401,-3.094,0.1193
9100,data6,0.261,0.1096,0.0637,0.142,-2.282,0.0434
9200,data3,0.5362,0.1913,0.1369,0.3375,-3.1017,0.156
9200,data2,0.6743,0.2534,0.1804,0.4099,-3.7944,0.1585
9200,data1,0.5542,0.2005,0.1405,0.3349,-3.4822,0.1163
9200,data5,0.1588,0.0699,0.0358,0.0965,-2.4344,0.0221
9200,data4,0.5583,0.1976,0.1362,0.3358,-3.0348,0.118
9200,data6,0.2565,0.1033,0.0596,0.1393,-2.2272,0.0429
9300,data3,0.53,0.1849,0.1334,0.3334,-3.0653,0.1545
9300,data2,0.6662,0.2464,0.1764,0.4049,-3.7708,0.1568
9300,data1,0.5443,0.1937,0.1373,0.3285,-3.4382,0.1148
9300,data5,0.1562,0.0629,0.0328,0.0956,-2.3789,0.0219
9300,data4,0.5519,0.1899,0.1325,0.3318,-3.004,0.1168
9300,data6,0.2524,0.0962,0.056,0.1367,-2.1677,0.0425
9400,data3,0.5236,0.1794,0.13,0.3293,-3.0133,0.1528
9400,data2,0.6575,0.2379,0.1725,0.3991,-3.7301,0.1551
9400,data1,0.5373,0.1876,0.1345,0.3242,-3.4048,0.1136
9400,data5,0.154,0.0552,0.03,0.0943,-2.3154,0.0217
9400,data4,0.5446,0.1833,0.1288,0.3277,-2.9657,0.1154
9400,data6,0.2489,0.0904,0.0526,0.1346,-2.115,0.042
9500,data3,0.517,0.1728,0.1269,0.3253,-2.9696,0.1511
9500,data2,0.6496,0.2301,0.1688,0.3942,-3.7034,0.1532
9500,data1,0.5294,0.1821,0.1316,0.3193,-3.3737,0.1115
9500,data5,0.1518,0.0504,0.0289,0.0936,-2.2589,0.0286
9500,data4,0.5382,0.176,0.1256,0.3238,-2.9402,0.1142
9500,data6,0.2462,0.0828,0.0497,0.133,-2.0562,0.0416
9600,data3,0.4906,0.1663,0.1218,0.3072,-2.9158,0.149
9600,data2,0.6369,0.2229,0.1661,0.385,-3.6758,0.1491
9600,data1,0.5169,0.1771,0.129,0.3105,-3.3293,0.1106
9600,data5,0.1416,0.0435,0.0266,0.0961,-2.2077,0.0284
9600,data4,0.5193,0.1734,0.1232,0.3143,-2.9079,0.114
9600,data6,0.2298,0.0776,0.0478,0.1276,-2.0294,0.0385
9700,data3,0.4744,0.1597,0.1184,0.2984,-2.8705,0.1408
9700,data2,0.622,0.2165,0.1623,0.3762,-3.6455,0.1416
9700,data1,0.5017,0.1718,0.126,0.3017,-3.2859,0.1057
9700,data5,0.1383,0.0385,0.0246,0.1003,-2.1638,0.0233
9700,data4,0.4985,0.166,0.1198,0.3032,-2.8755,0.1052
9700,data6,0.2085,0.0708,0.0446,0.1159,-1.9744,0.0264
9800,data3,0.4536,0.1537,0.1147,0.288,-2.8229,0.1394
9800,data2,0.6036,0.209,0.1582,0.3667,-3.593,0.1401
9800,data1,0.4906,0.1669,0.1232,0.2949,-3.2438,0.1047
9800,data5,0.1382,0.0343,0.0233,0.1036,-2.1102,0.0232
9800,data4,0.4778,0.1602,0.1161,0.2918,-2.8222,0.1042
9800,data6,0.1819,0.0651,0.041,0.1038,-1.9217,0.0261
9900,data3,0.4385,0.1488,0.1111,0.2796,-2.7821,0.1295
9900,data2,0.5857,0.2025,0.1542,0.3568,-3.5578,0.1315
9900,data1,0.4767,0.1632,0.1203,0.2877,-3.1938,0.1007
9900,data5,0.1164,0.0314,0.022,0.0974,-2.0727,0.0242
9900,data4,0.4585,0.1548,0.1122,0.2821,-2.7839,0.095
9900,data6,0.1577,0.0613,0.0372,0.0908,-1.8661,0.0109
10000,data3,0.4258,0.1426,0.1074,0.2735,-2.7248,0.1282
10000,data2,0.5717,0.1979,0.1502,0.3493,-3.5061,0.1303
10000,data1,0.4691,0.1592,0.1176,0.2827,-3.1521,0.0998
10000,data5,0.1052,0.0282,0.0201,0.0904,-2.0143,0.024
10000,data4,0.4469,0.1487,0.1083,0.2743,-2.7138,0.094
10000,data6,0.1448,0.0572,0.0332,0.0833,-1.8001,0.0108
10100,data3,0.4219,0.1367,0.104,0.2707,-2.6783,0.1269
10100,data2,0.5645,0.1928,0.1463,0.3447,-3.4702,0.129
10100,data1,0.4637,0.1555,0.1149,0.2799,-3.1056,0.0986
10100,data5,0.1031,0.0233,0.0182,0.0895,-1.9617,0.0238
10100,data4,0.4412,0.143,0.1048,0.2711,-2.6831,0.0931
10100,data6,0.1422,0.0537,0.0298,0.0816,-1.7458,0.0107
10200,data3,0.4173,0.1317,0.1009,0.2674,-2.6304,0.1245
10200,data2,0.5577,0.1868,0.1428,0.3404,-3.416,0.1258
10200,data1,0.459,0.1513,0.1127,0.2771,-3.0666,0.0972
10200,data5,0.1018,0.0208,0.0165,0.0886,-1.9068,0.0206
10200,data4,0.4359,0.1362,0.1016,0.2678,-2.6263,0.0912
10200,data6,0.1393,0.0493,0.0267,0.0797,-1.6923,0.0093
10300,data3,0.413,0.1265,0.0981,0.2644,-2.5934,0.1233
10300,data2,0.5514,0.1793,0.1395,0.3364,-3.3905,0.1246
10300,data1,0.4512,0.1462,0.1102,0.272,-3.0241,0.0961
10300,data5,0.0999,0.017,0.0148,0.0879,-1.8571,0.0204
10300,data4,0.4313,0.1306,0.0987,0.2648,-2.5965,0.0904
10300,data6,0.1366,0.0444,0.0239,0.0778,-1.6347,0.0092
10400,data3,0.4085,0.1211,0.0954,0.2614,-2.5396,0.122
10400,data2,0.5447,0.1719,0.1363,0.3319,-3.3478,0.1233
10400,data1,0.4457,0.1429,0.108,0.2686,-2.9905,0.0929
10400,data5,0.0989,0.0135,0.0131,0.0874,-1.803,0.0203
10400,data4,0.426,0.1257,0.0958,0.2618,-2.555,0.0894
10400,data6,0.1346,0.0382,0.0214,0.0766,-1.5845,0.0091
10500,data3,0.4036,0.117,0.093,0.2584,-2.4936,0.1208
10500,data2,0.5386,0.1652,0.1332,0.328,-3.3172,0.1221
10500,data1,0.4394,0.1382,0.1058,0.2648,-2.9596,0.0918
10500,data5,0.0972,0.0119,0.0125,0.0867,-1.7508,0.0149
10500,data4,0.4222,0.119,0.0933,0.2595,-2.527,0.0886
10500,data6,0.1332,0.0334,0.0192,0.0756,-1.5272,0.009
10600,data3,0.3874,0.1102,0.0896,0.2492,-2.4388,0.1185
10600,data2,0.5286,0.1627,0.132,0.3228,-3.2937,0.1244
10600,data1,0.4306,0.1343,0.1039,0.2589,-2.9194,0.091
10600,data5,0.0896,0.0072,0.0111,0.0881,-1.705,0.0148
10600,data4,0.4072,0.1174,0.0915,0.2524,-2.4829,0.0866
10600,data6,0.1281,0.0276,0.0174,0.0775,-1.4934,0.0134
10700,data3,0.3735,0.1057,0.0869,0.2417,-2.3925,0.1175
10700,data2,0.5162,0.1575,0.1289,0.3156,-3.2612,0.1232
10700,data1,0.4179,0.1301,0.1015,0.2519,-2.877,0.09
10700,data5,0.0857,0.002,0.0098,0.0896,-1.665,0.0147
10700,data4,0.3891,0.1121,0.0888,0.2428,-2.4524,0.086
10700,data6,0.1123,0.0228,0.0155,0.0698,-1.4409,0.0133
10800,data3,0.3555,0.1016,0.0841,0.2329,-2.3459,0.1085
10800,data2,0.4998,0.1522,0.1256,0.3076,-3.2095,0.1165
10800,data1,0.4086,0.1262,0.0992,0.2462,-2.838,0.0845
10800,data5,0.0871,-0.0003,0.0092,0.0924,-1.6217,0.0156
10800,data4,0.3713,0.1091,0.0859,0.2331,-2.404,0.0764
10800,data6,0.0942,0.0202,0.0134,0.0646,-1.3958,0.0045
10900,data3,0.3425,0.0964,0.0812,0.2257,-2.3057,0.1076
10900,data2,0.4845,0.1479,0.1224,0.2991,-3.1727,0.1154
10900,data1,0.3965,0.1222,0.0968,0.2398,-2.79,0.0837
10900,data5,0.0718,-0.0022,0.0086,0.0912,-1.5925,0.0155
10900,data4,0.3544,0.1055,0.0828,0.2249,-2.3677,0.0758
10900,data6,0.074,0.0161,0.0111,0.0544,-1.3483,0.0044
11000,data3,0.3316,0.0914,0.0783,0.2203,-2.2529,0.1066
11000,data2,0.473,0.1428,0.1192,0.2927,-3.1216,0.1144
11000,data1,0.3901,0.1196,0.0945,0.2356,-2.7569,0.083
11000,data5,0.0623,-0.0029,0.0077,0.0854,-1.5505,0.0154
11000,data4,0.3446,0.1033,0.0798,0.2183,-2.3012,0.075
11000,data6,0.0631,0.0129,0.0085,0.048,-1.2925,0.0044
11100,data3,0.3282,0.0875,0.0757,0.2179,-2.2111,0.099
11100,data2,0.4673,0.1383,0.1162,0.2891,-3.0851,0.1085
11100,data1,0.3848,0.1154,0.0922,0.2324,-2.7131,0.0781
11100,data5,0.0606,-0.0048,0.0068,0.0847,-1.5101,0.0036
11100,data4,0.3403,0.0982,0.0771,0.2157,-2.2716,0.0674
11100,data6,0.0622,0.011,0.0063,0.0475,-1.2418,-0.0066
11200,data3,0.3248,0.0834,0.0733,0.2154,-2.1682,0.098
11200,data2,0.4619,0.1346,0.1134,0.2857,-3.0286,0.1076
11200,data1,0.3812,0.1119,0.0903,0.2302,-2.678,0.0774
11200,data5,0.06,-0.0066,0.0059,0.0841,-1.4667,0.0036
11200,data4,0.3363,0.0947,0.0746,0.2132,-2.2177,0.0668
11200,data6,0.0602,0.008,0.0042,0.046,-1.1933,-0.0065
11300,data3,0.3216,0.0791,0.0712,0.213,-2.1337,0.0972
11300,data2,0.4568,0.1298,0.1107,0.2825,-3.0005,0.1066
11300,data1,0.3746,0.108,0.0882,0.2259,-2.6362,0.0765
11300,data5,0.0586,-0.0088,0.0051,0.0834,-1.4257,0.0035
11300,data4,0.3328,0.0915,0.0722,0.2109,-2.1846,0.0662
11300,data6,0.0589,0.004,0.0023,0.0449,-1.1412,-0.0065
11400,data3,0.3185,0.0753,0.0691,0.2108,-2.0813,0.0962
11400,data2,0.4514,0.1243,0.1081,0.2787,-2.9541,0.1056
11400,data1,0.3703,0.1053,0.0864,0.2232,-2.6026,0.0759
11400,data5,0.058,-0.0112,0.0043,0.0831,-1.382,0.0035
11400,data4,0.3289,0.0882,0.07,0.2087,-2.144,0.0655
11400,data6,0.0577,0.0015,0.0005,0.044,-1.0962,-0.0064
11500,data3,0.3156,0.0714,0.0673,0.2085,-2.0375,0.0954
11500,data2,0.4468,0.1189,0.1057,0.2757,-2.9211,0.1044
11500,data1,0.3653,0.1012,0.0846,0.2201,-2.5715,0.0748
11500,data5,0.0538,-0.0117,0.0032,0.0795,-1.3384,0.008
11500,data4,0.3266,0.0838,0.0681,0.2067,-2.1131,0.0649
11500,data6,0.057,-0.002,-0.0011,0.0434,-1.046,-0.0064
11600,data3,0.3006,0.0674,0.0651,0.2008,-1.9871,0.0931
11600,data2,0.4334,0.1173,0.1042,0.2697,-2.8977,0.101
11600,data1,0.3578,0.0989,0.0831,0.2154,-2.5384,0.0748
11600,data5,0.0473,-0.0128,0.0026,0.0794,-1.3051,0.008
11600,data4,0.314,0.0792,0.066,0.2013,-2.0622,0.0654
11600,data6,0.0535,-0.0051,-0.0023,0.0449,-1.0048,-0.0094
11700,data3,0.2885,0.064,0.063,0.1944,-1.944,0.086
11700,data2,0.4226,0.1128,0.1017,0.2636,-2.8609,0.0949
11700,data1,0.347,0.0954,0.0812,0.2096,-2.4995,0.0709
11700,data5,0.0457,-0.0139,0.0019,0.0792,-1.2705,0.0017
11700,data4,0.2983,0.0752,0.0639,0.1929,-2.0335,0.0586
11700,data6,0.043,-0.0092,-0.0035,0.0414,-0.9618,-0.0143
11800,data3,0.2727,0.0614,0.0608,0.1868,-1.9035,0.0852
11800,data2,0.4084,0.109,0.0991,0.2567,-2.8109,0.094
11800,data1,0.3395,0.0928,0.0794,0.2052,-2.4654,0.0703
11800,data5,0.0501,-0.0142,0.0016,0.0788,-1.2367,0.0017
11800,data4,0.2827,0.0716,0.0617,0.1843,-1.9899,0.0581
11800,data6,0.0348,-0.0112,-0.0047,0.0427,-0.9242,-0.0142
11900,data3,0.2617,0.0587,0.0585,0.1805,-1.8682,0.0845
11900,data2,0.3948,0.106,0.0965,0.2493,-2.7761,0.0932
11900,data1,0.3285,0.0896,0.0774,0.1997,-2.4224,0.0697
11900,data5,0.0435,-0.0144,0.0014,0.0799,-1.214,0.0017
11900,data4,0.268,0.069,0.0592,0.1772,-1.9556,0.0577
11900,data6,0.0191,-0.0134,-0.0059,0.035,-0.8891,-0.0141
12000,data3,0.2524,0.0574,0.0563,0.1759,-1.8205,0.0767
12000,data2,0.3852,0.102,0.094,0.2444,-2.7268,0.0863
12000,data1,0.323,0.0873,0.0756,0.1962,-2.3963,0.0669
12000,data5,0.036,-0.015,0.0012,0.0755,-1.1884,0.005
12000,data4,0.2599,0.0661,0.0568,0.1716,-1.899,0.0503
12000,data6,0.0095,-0.0154,-0.0074,0.0293,-0.8457,-0.0229
12100,data3,0.2498,0.0546,0.0542,0.174,-1.7833,0.076
12100,data2,0.3804,0.0994,0.0916,0.2414,-2.6909,0.0856
12100,data1,0.3187,0.0846,0.0737,0.1935,-2.3555,0.0662
12100,data5,0.0346,-0.0153,0.0008,0.0749,-1.1592,0.0049
12100,data4,0.2565,0.0631,0.0547,0.1697,-1.8697,0.0499
12100,data6,0.0093,-0.015,-0.0088,0.0293,-0.8052,-0.0227
12200,data3,0.2472,0.0513,0.0523,0.1721,-1.7451,0.0748
12200,data2,0.3762,0.0948,0.0893,0.2386,-2.6363,0.0841
12200,data1,0.3159,0.0812,0.0722,0.1918,-2.3273,0.0656
12200,data5,0.0343,-0.0147,0.0005,0.0745,-1.1306,0.0035
12200,data4,0.2535,0.0606,0.0527,0.1677,-1.8212,0.0492
12200,data6,0.0079,-0.017,-0.0101,0.0282,-0.7658,-0.0231
12300,data3,0.2445,0.0486,0.0506,0.1703,-1.7125,0.0742
12300,data2,0.372,0.0919,0.0872,0.236,-2.6069,0.0835
12300,data1,0.3104,0.0787,0.0705,0.1882,-2.2865,0.0649
12300,data5,0.0331,-0.0151,0.0002,0.074,-1.0996,0.0035
12300,data4,0.2509,0.0585,0.0509,0.166,-1.7893,0.0488
12300,data6,0.0078,-0.0184,-0.0113,0.028,-0.7234,-0.0229
12400,data3,0.2422,0.0462,0.049,0.1686,-1.6661,0.0735
12400,data2,0.3677,0.0883,0.0851,0.233,-2.5607,0.0827
12400,data1,0.3072,0.0761,0.069,0.1859,-2.257,0.0624
12400,data5,0.0326,-0.0133,-0.0002,0.0735,-1.0675,0.0035
12400,data4,0.2482,0.0563,0.0492,0.1644,-1.7496,0.0483
12400,data6,0.0072,-0.0205,-0.0123,0.0274,-0.6833,-0.0227
12500,data3,0.2406,0.0438,0.0476,0.1668,-1.6265,0.0729
12500,data2,0.3642,0.0844,0.0832,0.2306,-2.5266,0.082
12500,data1,0.3037,0.0741,0.0675,0.1838,-2.227,0.0618
12500,data5,0.03,-0.0134,-0.0005,0.0729,-1.0415,0.0013
12500,data4,0.2464,0.0522,0.0476,0.1628,-1.721,0.048
12500,data6,0.0072,-0.0222,-0.0133,0.0273,-0.6418,-0.0226
12600,data3,0.2281,0.0408,0.0461,0.1601,-1.5821,0.0711
12600,data2,0.3527,0.0835,0.0819,0.2254,-2.4902,0.0842
12600,data1,0.2975,0.0721,0.0666,0.1798,-2.2041,0.0622
12600,data5,0.0342,-0.0131,-0.0007,0.0727,-1.0219,0.0014
12600,data4,0.2353,0.0507,0.046,0.1583,-1.6816,0.0453
12600,data6,0.004,-0.0246,-0.0142,0.0286,-0.6183,-0.0201
12700,data3,0.2175,0.0385,0.0445,0.1545,-1.5429,0.0705
12700,data2,0.3432,0.0811,0.0799,0.2203,-2.4547,0.0835
12700,data1,0.2878,0.0694,0.065,0.1749,-2.1705,0.0616
12700,data5,0.0404,-0.0132,-0.0007,0.0726,-0.9967,0.0013
12700,data4,0.2218,0.049,0.0443,0.1515,-1.6543,0.045
12700,data6,-0.0014,-0.0256,-0.0148,0.0293,-0.5833,-0.02
12800,data3,0.2036,0.0367,0.0427,0.1478,-1.508,0.0631
12800,data2,0.3309,0.0778,0.0779,0.2143,-2.4084,0.078
12800,data1,0.2815,0.0671,0.0635,0.1711,-2.1445,0.0574
12800,data5,0.0475,-0.0132,-0.0005,0.0725,-0.9763,0.0076
12800,data4,0.2083,0.0452,0.0426,0.1441,-1.6145,0.0379
12800,data6,-0.0032,-0.0255,-0.0152,0.0337,-0.5561,-0.0198
12900,data3,0.1941,0.0344,0.0409,0.1423,-1.4764,0.0627
12900,data2,0.3189,0.0757,0.0758,0.2079,-2.3751,0.0774
12900,data1,0.2719,0.0656,0.0619,0.1663,-2.1028,0.0569
12900,data5,0.0449,-0.0131,-0.0002,0.0736,-0.9656,0.0076
12900,data4,0.1956,0.0434,0.0406,0.138,-1.5857,0.0376
12900,data6,-0.0097,-0.0259,-0.0154,0.0326,-0.5313,-0.0197
13000,data3,0.1864,0.0327,0.0391,0.1389,-1.4349,0.0621
13000,data2,0.3109,0.0735,0.0737,0.2037,-2.333,0.0768
13000,data1,0.267,0.0624,0.0605,0.1633,-2.0804,0.0565
13000,data5,0.0387,-0.0116,0.0001,0.0703,-0.9555,0.0075
13000,data4,0.1887,0.042,0.0387,0.1331,-1.5346,0.0372
13000,data6,-0.0183,-0.0252,-0.016,0.0277,-0.5002,-0.0195
13100,data3,0.1846,0.031,0.0375,0.1376,-1.404,0.0562
13100,data2,0.3071,0.0712,0.0717,0.2012,-2.2995,0.0718
13100,data1,0.2635,0.0618,0.059,0.1611,-2.0429,0.0533
13100,data5,0.0377,-0.0106,0.0002,0.0698,-0.9392,0.0027
13100,data4,0.1861,0.0393,0.037,0.1316,-1.5061,0.0309
13100,data6,-0.0182,-0.0243,-0.0166,0.0275,-0.4723,-0.0278
13200,data3,0.1828,0.03,0.0361,0.1362,-1.3706,0.0558
13200,data2,0.3037,0.0689,0.0699,0.1989,-2.25,0.0713
13200,data1,0.2612,0.0587,0.0577,0.1598,-2.0216,0.053
13200,data5,0.0377,-0.0091,0.0003,0.0695,-0.9238,0.0027
13200,data4,0.1839,0.0372,0.0354,0.1301,-1.4648,0.0306
13200,data6,-0.019,-0.0244,-0.0171,0.0268,-0.4446,-0.0276
13300,data3,0.1809,0.0283,0.0347,0.1348,-1.3416,0.0553
13300,data2,0.3004,0.0661,0.0682,0.1968,-2.222,0.0707
13300,data1,0.2566,0.0566,0.0564,0.1567,-1.9827,0.0523
13300,data5,0.0369,-0.0071,0.0003,0.0691,-0.9084,0.0027
13300,data4,0.1821,0.0353,0.034,0.1287,-1.4349,0.0304
13300,data6,-0.0186,-0.0254,-0.0177,0.0269,-0.4137,-0.0274
13400,data3,0.1793,0.0272,0.0335,0.1335,-1.3027,0.0549
13400,data2,0.297,0.0633,0.0666,0.1943,-2.1781,0.0701
13400,data1,0.2542,0.055,0.0552,0.1549,-1.9583,0.0519
13400,data5,0.0365,-0.0054,0.0004,0.0686,-0.8922,0.0027
13400,data4,0.1801,0.0335,0.0326,0.1275,-1.3972,0.0301
13400,data6,-0.0189,-0.025,-0.0181,0.0265,-0.3835,-0.0272
13500,data3,0.1782,0.0258,0.0324,0.1321,-1.2694,0.0545
13500,data2,0.2943,0.06,0.065,0.1923,-2.1451,0.0694
13500,data1,0.2514,0.0525,0.0539,0.1531,-1.9295,0.0515
13500,data5,0.0336,-0.0038,0.0002,0.0682,-0.8708,0.0026
13500,data4,0.179,0.0309,0.0314,0.1264,-1.3714,0.0299
13500,data6,-0.0187,-0.026,-0.0186,0.0265,-0.3524,-0.027
13600,data3,0.1682,0.0238,0.0313,0.1265,-1.2319,0.0542
13600,data2,0.2841,0.0575,0.0634,0.1877,-2.102,0.0681
13600,data1,0.2478,0.0513,0.0534,0.1499,-1.9155,0.0513
13600,data5,0.043,-0.0028,0.0005,0.0682,-0.863,0.0026
13600,data4,0.1693,0.0282,0.0301,0.1221,-1.3362,0.0304
13600,data6,-0.0171,-0.0264,-0.019,0.027,-0.3442,-0.0291
13700,data3,0.1589,0.0218,0.03,0.1216,-1.1996,0.0483
13700,data2,0.2761,0.0547,0.0619,0.1838,-2.0732,0.0634
13700,data1,0.2391,0.0493,0.0521,0.1457,-1.8861,0.0478
13700,data5,0.0553,-0.0018,0.001,0.0693,-0.8491,0.0111
13700,data4,0.1594,0.0271,0.0288,0.1181,-1.3126,0.0255
13700,data6,-0.0201,-0.026,-0.0191,0.0297,-0.3171,-0.0273
13800,data3,0.1467,0.0206,0.0286,0.1156,-1.1691,0.0479
13800,data2,0.2652,0.0524,0.0602,0.1785,-2.0311,0.0629
13800,data1,0.2338,0.0475,0.0509,0.1424,-1.8679,0.0475
13800,data5,0.0619,-0.0006,0.0017,0.0692,-0.8435,0.011
13800,data4,0.1482,0.0252,0.0275,0.1122,-1.2779,0.0253
13800,data6,-0.0202,-0.0263,-0.0192,0.0335,-0.2996,-0.0271
13900,data3,0.1383,0.0193,0.0271,0.1108,-1.1416,0.0476
13900,data2,0.2547,0.0504,0.0585,0.1729,-2.0021,0.0624
13900,data1,0.2252,0.0461,0.0496,0.1382,-1.8285,0.0471
13900,data5,0.0608,0.0008,0.0026,0.0701,-0.8447,0.0109
13900,data4,0.1371,0.0236,0.026,0.1069,-1.2544,0.0252
13900,data6,-0.0217,-0.0258,-0.0188,0.0359,-0.2838,-0.0269
14000,data3,0.1328,0.0179,0.0257,0.1081,-1.1057,0.0413
14000,data2,0.2478,0.0488,0.0568,0.1692,-1.9663,0.0567
14000,data1,0.2209,0.0441,0.0485,0.1357,-1.8116,0.0445
14000,data5,0.0555,0.0019,0.0032,0.0672,-0.8463,0.0175
14000,data4,0.1312,0.0227,0.0245,0.1027,-1.2116,0.019
14000,data6,-0.0294,-0.0256,-0.0189,0.0316,-0.2661,-0.0274
14100,data3,0.1316,0.0173,0.0245,0.1073,-1.0791,0.041
14100,data2,0.2447,0.047,0.0552,0.1671,-1.9367,0.0562
14100,data1,0.218,0.0428,0.0472,0.1338,-1.7768,0.0441
14100,data5,0.0548,0.0047,0.0037,0.0667,-0.8429,0.0174
14100,data4,0.1292,0.0217,0.0231,0.1014,-1.1863,0.0189
14100,data6,-0.029,-0.0247,-0.0189,0.0316,-0.2482,-0.0272
14200,data3,0.1306,0.0154,0.0233,0.1061,-1.0511,0.0405
14200,data2,0.242,0.0454,0.0537,0.1653,-1.8934,0.0555
14200,data1,0.2162,0.042,0.0462,0.1328,-1.7596,0.0438
14200,data5,0.0551,0.0072,0.0042,0.0666,-0.8416,0.017
14200,data4,0.1276,0.0209,0.0219,0.1003,-1.1516,0.0187
14200,data6,-0.0294,-0.0228,-0.019,0.0313,-0.2332,-0.0272
14300,data3,0.1292,0.0139,0.0222,0.105,-1.0271,0.0402
14300,data2,0.2394,0.044,0.0524,0.1635,-1.8676,0.0551
14300,data1,0.2123,0.0408,0.0451,0.1302,-1.7248,0.0434
14300,data5,0.0549,0.0089,0.0046,0.0662,-0.8387,0.0169
14300,data4,0.1263,0.0203,0.0207,0.0992,-1.128,0.0185
14300,data6,-0.0288,-0.0222,-0.0191,0.0315,-0.2126,-0.0271
14400,data3,0.1282,0.0136,0.0212,0.1041,-0.9927,0.0399
14400,data2,0.2367,0.0421,0.051,0.1615,-1.8268,0.0545
14400,data1,0.2104,0.0394,0.0441,0.1286,-1.7042,0.0415
14400,data5,0.0548,0.0101,0.005,0.0659,-0.8361,0.0168
14400,data4,0.1249,0.0187,0.0197,0.0984,-1.0912,0.0184
14400,data6,-0.0288,-0.0234,-0.0191,0.0313,-0.1943,-0.0269
14500,data3,0.1276,0.0122,0.0204,0.103,-0.966,0.0396
14500,data2,0.2345,0.0402,0.0497,0.1599,-1.7953,0.0541
14500,data1,0.2081,0.0381,0.0431,0.1272,-1.6779,0.0411
14500,data5,0.0518,0.0139,0.0052,0.0655,-0.8269,0.0141
14500,data4,0.1242,0.0172,0.0187,0.0975,-1.0702,0.0183
14500,data6,-0.0286,-0.023,-0.0192,0.0312,-0.1755,-0.0267
14600,data3,0.1199,0.0112,0.0197,0.0984,-0.9341,0.0386
14600,data2,0.2255,0.0384,0.0485,0.1559,-1.7563,0.0539
14600,data1,0.2062,0.0365,0.0431,0.1243,-1.6713,0.0395
14600,data5,0.0599,0.0155,0.0056,0.0657,-0.8281,0.0146
14600,data4,0.1158,0.0159,0.0177,0.0937,-1.0357,0.0151
14600,data6,-0.0232,-0.0222,-0.0192,0.0309,-0.1639,-0.024
14700,data3,0.1117,0.0102,0.0187,0.0941,-0.9101,0.0383
14700,data2,0.2185,0.0363,0.0472,0.1525,-1.7318,0.0535
14700,data1,0.1985,0.035,0.0421,0.1206,-1.6435,0.0392
14700,data5,0.0692,0.0179,0.0063,0.0663,-0.8263,0.0145
14700,data4,0.1108,0.0139,0.0167,0.094,-1.0161,0.015
14700,data6,-0.0241,-0.0214,-0.0189,0.0332,-0.1474,-0.0239
14800,data3,0.1009,0.0095,0.0175,0.0888,-0.8828,0.038
14800,data2,0.209,0.0351,0.0458,0.148,-1.6956,0.0531
14800,data1,0.1938,0.0343,0.0411,0.1178,-1.6301,0.0389
14800,data5,0.0733,0.0195,0.0072,0.0662,-0.8316,0.0145
14800,data4,0.1019,0.0124,0.0158,0.0898,-0.985,0.0149
14800,data6,-0.0201,-0.0199,-0.0186,0.0358,-0.1398,-0.0237
14900,data3,0.0934,0.0085,0.0164,0.0846,-0.8616,0.0319
14900,data2,0.1997,0.0333,0.0444,0.143,-1.6711,0.0492
14900,data1,0.1864,0.0331,0.0401,0.1141,-1.5963,0.0358
14900,data5,0.0766,0.0218,0.0081,0.0663,-0.8413,0.0218
14900,data4,0.0919,0.0122,0.0148,0.0852,-0.9672,0.0134
14900,data6,-0.0187,-0.0188,-0.018,0.0393,-0.133,-0.0214
15000,data3,0.0886,0.0082,0.0152,0.0819,-0.8299,0.0317
15000,data2,0.1936,0.0326,0.043,0.1398,-1.641,0.0489
15000,data1,0.1827,0.0318,0.0391,0.1119,-1.5846,0.0356
15000,data5,0.0712,0.0235,0.0088,0.0633,-0.8545,0.0216
15000,data4,0.0869,0.0114,0.0137,0.0816,-0.9315,0.0133
15000,data6,-0.0248,-0.018,-0.0177,0.0353,-0.1275,-0.0212
15100,data3,0.0877,0.0071,0.0142,0.0814,-0.8088,0.0275
15100,data2,0.1911,0.0317,0.0417,0.138,-1.6138,0.0446
15100,data1,0.1806,0.0309,0.0381,0.1106,-1.5563,0.0335
15100,data5,0.0707,0.0256,0.0095,0.0629,-0.8662,0.0163
15100,data4,0.0854,0.0115,0.0127,0.0806,-0.9091,0.0083
15100,data6,-0.0246,-0.018,-0.0173,0.0353,-0.1192,-0.0266
15200,data3,0.087,0.0065,0.0132,0.0804,-0.7799,0.0273
15200,data2,0.189,0.0301,0.0405,0.1365,-1.5776,0.0443
15200,data1,0.1793,0.0302,0.0373,0.11,-1.5428,0.0333
15200,data5,0.0706,0.0281,0.0101,0.0627,-0.8764,0.0162
15200,data4,0.0843,0.0111,0.0117,0.0797,-0.8792,0.0082
15200,data6,-0.0244,-0.0169,-0.0171,0.0351,-0.1133,-0.0265
15300,data3,0.086,0.0056,0.0124,0.0796,-0.7585,0.0271
15300,data2,0.1869,0.0293,0.0394,0.135,-1.5535,0.044
15300,data1,0.1794,0.0299,0.0364,0.1107,-1.5126,0.0334
15300,data5,0.0704,0.0299,0.0107,0.0624,-0.8826,0.0161
15300,data4,0.0834,0.0101,0.0108,0.0789,-0.8588,0.0082
15300,data6,-0.0239,-0.0159,-0.0169,0.0351,-0.102,-0.0263
15400,data3,0.0852,0.0053,0.0116,0.0789,-0.7277,0.0269
15400,data2,0.1854,0.0271,0.0383,0.1339,-1.5174,0.0437
15400,data1,0.1785,0.0291,0.0358,0.1101,-1.4976,0.0332
15400,data5,0.0705,0.0313,0.0112,0.0622,-0.8912,0.016
15400,data4,0.0825,0.01,0.01,0.0782,-0.8283,0.0081
15400,data6,-0.0238,-0.015,-0.0167,0.035,-0.0938,-0.0261
15500,data3,0.0849,0.0045,0.0109,0.078,-0.7051,0.0267
15500,data2,0.184,0.0259,0.0373,0.1329,-1.4896,0.0434
15500,data1,0.1768,0.0279,0.035,0.1091,-1.4709,0.0329
15500,data5,0.0669,0.0339,0.0114,0.0619,-0.8926,0.0172
15500,data4,0.0821,0.0093,0.0093,0.0775,-0.8101,0.0082
15500,data6,-0.0237,-0.0141,-0.0165,0.0349,-0.0837,-0.026
15600,data3,0.0767,0.0043,0.0105,0.0737,-0.6783,0.0268
15600,data2,0.176,0.0248,0.0362,0.1294,-1.462,0.0444
15600,data1,0.1719,0.0278,0.035,0.1065,-1.4694,0.0358
15600,data5,0.0731,0.0358,0.012,0.0621,-0.9017,0.0171
15600,data4,0.0747,0.0086,0.0085,0.0743,-0.7807,0.0087
15600,data6,-0.0197,-0.0142,-0.0163,0.0346,-0.0861,-0.0273
15700,data3,0.0704,0.0029,0.0096,0.071,-0.6605,0.0267
15700,data2,0.1701,0.0238,0.0352,0.1264,-1.4402,0.0441
15700,data1,0.165,0.0269,0.0341,0.1032,-1.4457,0.0355
15700,data5,0.0797,0.0376,0.0127,0.0626,-0.91,0.017
15700,data4,0.0695,0.0086,0.0078,0.074,-0.7626,0.0087
15700,data6,-0.0194,-0.0134,-0.0159,0.0363,-0.0765,-0.0271
15800,data3,0.0605,0.0022,0.0087,0.0661,-0.6344,0.0216
15800,data2,0.1616,0.023,0.034,0.1226,-1.4097,0.0407
15800,data1,0.1608,0.0263,0.0333,0.1007,-1.4329,0.0326
15800,data5,0.0825,0.0386,0.0134,0.0623,-0.9223,0.0232
15800,data4,0.0631,0.0072,0.0072,0.0719,-0.7365,0.0065
15800,data6,-0.0118,-0.0128,-0.0154,0.0378,-0.0772,-0.0215
15900,data3,0.0537,0.0016,0.0078,0.0624,-0.618,0.0215
15900,data2,0.1532,0.0218,0.0329,0.1181,-1.3862,0.0404
15900,data1,0.1543,0.0254,0.0325,0.0974,-1.4043,0.0324
15900,data5,0.089,0.0401,0.0142,0.0622,-0.9379,0.023
15900,data4,0.0553,0.0065,0.0065,0.069,-0.7204,0.0064
15900,data6,-0.0094,-0.0124,-0.0146,0.0411,-0.0784,-0.0214
16000,data3,0.0495,0.0012,0.0069,0.0599,-0.5905,0.0165
16000,data2,0.1494,0.021,0.0318,0.1153,-1.3625,0.0357
16000,data1,0.1511,0.0244,0.0317,0.0954,-1.395,0.0295
16000,data5,0.0834,0.0414,0.0149,0.0589,-0.9607,0.0302
16000,data4,0.0509,0.0063,0.0057,0.0656,-0.6942,0.0027
16000,data6,-0.0114,-0.0111,-0.014,0.0405,-0.0824,-0.0171
16100,data3,0.0489,0.0012,0.006,0.0593,-0.5729,0.0164
16100,data2,0.1474,0.0204,0.0307,0.1139,-1.3384,0.0354
16100,data1,0.1495,0.0242,0.0308,0.0942,-1.3726,0.0293
16100,data5,0.0831,0.0427,0.0155,0.0586,-0.9795,0.03
16100,data4,0.0499,0.0056,0.005,0.0649,-0.6747,0.0027
16100,data6,-0.0112,-0.0097,-0.0134,0.0405,-0.0805,-0.017
16200,data3,0.0482,0.0012,0.0052,0.0586,-0.5458,0.0163
16200,data2,0.1458,0.0196,0.0297,0.1126,-1.3106,0.0351
16200,data1,0.1486,0.0233,0.0302,0.0936,-1.3615,0.0291
16200,data5,0.0829,0.0445,0.0161,0.0583,-0.9975,0.0298
16200,data4,0.0491,0.0051,0.0043,0.0642,-0.6498,0.0026
16200,data6,-0.0103,-0.0089,-0.0129,0.0406,-0.0815,-0.0169
16300,data3,0.0475,0.0008,0.0045,0.058,-0.5272,0.0161
16300,data2,0.1443,0.0191,0.0288,0.1115,-1.2875,0.0349
16300,data1,0.1496,0.0227,0.0295,0.0952,-1.3384,0.0289
16300,data5,0.0828,0.0456,0.0166,0.0581,-1.0122,0.0296
16300,data4,0.0485,0.0043,0.0037,0.0636,-0.6333,0.0026
16300,data6,-0.0098,-0.0084,-0.0124,0.0409,-0.0792,-0.0168
16400,data3,0.0471,0.0002,0.0039,0.0574,-0.4999,0.016
16400,data2,0.1439,0.0184,0.0279,0.1104,-1.2591,0.0349
16400,data1,0.1494,0.022,0.029,0.0954,-1.3276,0.0322
16400,data5,0.0828,0.0467,0.0171,0.058,-1.0292,0.0294
16400,data4,0.0479,0.0044,0.0031,0.0631,-0.6079,0.0026
16400,data6,-0.0098,-0.0073,-0.012,0.0407,-0.0785,-0.0167
16500,data3,0.047,-0.0004,0.0033,0.0568,-0.4807,0.0159
16500,data2,0.1428,0.0178,0.0271,0.1096,-1.235,0.0347
16500,data1,0.148,0.0211,0.0284,0.0945,-1.3017,0.032
16500,data5,0.0805,0.049,0.0173,0.0576,-1.0384,0.0275
16500,data4,0.0473,0.0044,0.0026,0.0625,-0.5921,0.0026
16500,data6,-0.0096,-0.0062,-0.0116,0.0406,-0.0765,-0.0166
16600,data3,0.0396,-0.0002,0.003,0.0529,-0.4532,0.0165
16600,data2,0.1356,0.0166,0.0263,0.1066,-1.2048,0.034
16600,data1,0.1443,0.021,0.0285,0.0923,-1.2969,0.0295
16600,data5,0.0841,0.0504,0.0178,0.0577,-1.053,0.0273
16600,data4,0.0409,0.0038,0.002,0.06,-0.5659,0.0007
16600,data6,-0.0067,-0.0059,-0.0112,0.0404,-0.0832,-0.0167
16700,data3,0.0345,-0.0006,0.0023,0.0511,-0.44,0.0146
16700,data2,0.1304,0.0163,0.0254,0.1039,-1.1855,0.033
16700,data1,0.1384,0.0207,0.0278,0.0895,-1.2784,0.0285
16700,data5,0.0891,0.0516,0.0184,0.0582,-1.0679,0.0275
16700,data4,0.0358,0.0034,0.0014,0.059,-0.5502,-0.0013
16700,data6,-0.0054,-0.0053,-0.0107,0.0412,-0.0785,-0.0139
16800,data3,0.0258,-0.0008,0.0016,0.0469,-0.4161,0.0145
16800,data2,0.1238,0.0155,0.0244,0.1005,-1.1595,0.0328
16800,data1,0.1347,0.0206,0.0271,0.0872,-1.2676,0.0283
16800,data5,0.0901,0.0525,0.019,0.0578,-1.0812,0.0274
16800,data4,0.0314,0.0033,0.001,0.0584,-0.5289,-0.0013
16800,data6,0.0047,-0.005,-0.0102,0.042,-0.0859,-0.0138
16900,data3,0.0214,-0.001,0.0009,0.045,-0.4025,0.0098
16900,data2,0.1164,0.0152,0.0235,0.0965,-1.139,0.0297
16900,data1,0.1289,0.0203,0.0264,0.0842,-1.246,0.0261
16900,data5,0.0981,0.0537,0.0196,0.058,-1.0984,0.0331
16900,data4,0.0248,0.0034,0.0005,0.0563,-0.5136,-0.0014
16900,data6,0.0082,-0.0043,-0.0094,0.0434,-0.0938,-0.0084
17000,data3,0.0177,-0.0014,0.0002,0.0427,-0.3791,0.0098
17000,data2,0.1141,0.014,0.0226,0.0949,-1.1205,0.0295
17000,data1,0.126,0.0202,0.0258,0.0824,-1.2383,0.0259
17000,data5,0.0928,0.0554,0.0202,0.055,-1.1243,0.0329
17000,data4,0.021,0.0035,0.0,0.0534,-0.4952,-0.0014
17000,data6,0.0082,-0.0033,-0.0086,0.044,-0.1057,-0.0084
17100,data3,0.0173,-0.0005,-0.0005,0.0423,-0.3632,0.0064
17100,data2,0.1125,0.0134,0.0218,0.0936,-1.0999,0.0272
17100,data1,0.1247,0.0192,0.0251,0.0814,-1.2193,0.0245
17100,data5,0.0926,0.0564,0.0207,0.0548,-1.1457,0.0294
17100,data4,0.0201,0.0037,-0.0005,0.0528,-0.4782,-0.005
17100,data6,0.0086,-0.0018,-0.0079,0.0438,-0.1112,-0.0088
17200,data3,0.017,-0.0016,-0.0011,0.0419,-0.3416,0.0064
17200,data2,0.1112,0.0124,0.021,0.0926,-1.0771,0.027
17200,data1,0.124,0.0182,0.0245,0.0809,-1.2089,0.0243
17200,data5,0.0923,0.0577,0.0212,0.0545,-1.1688,0.0292
17200,data4,0.0198,0.003,-0.0009,0.0525,-0.4592,-0.005
17200,data6,0.0094,-0.0009,-0.0072,0.044,-0.1196,-0.0088
17300,data3,0.0167,-0.0017,-0.0016,0.0415,-0.3247,0.0063
17300,data2,0.1099,0.0122,0.0203,0.0916,-1.0537,0.0269
17300,data1,0.1239,0.0179,0.0239,0.0814,-1.1887,0.0255
17300,data5,0.0922,0.0585,0.0217,0.0543,-1.1877,0.0291
17300,data4,0.0193,0.0031,-0.0014,0.0519,-0.4446,-0.005
17300,data6,0.0098,0.0004,-0.0066,0.0441,-0.1252,-0.0087
17400,data3,0.0164,-0.0021,-0.0022,0.0411,-0.3021,0.0063
17400,data2,0.1098,0.0117,0.0196,0.0908,-1.0295,0.0267
17400,data1,0.1239,0.017,0.0235,0.0816,-1.1793,0.0254
17400,data5,0.092,0.0596,0.0222,0.0541,-1.2093,0.0289
17400,data4,0.019,0.0029,-0.0018,0.0516,-0.4214,-0.005
17400,data6,0.0097,0.001,-0.0061,0.0439,-0.1318,-0.0087
17500,data3,0.0162,-0.0018,-0.0026,0.0407,-0.2874,0.0063
17500,data2,0.109,0.0111,0.0189,0.0902,-1.0067,0.0265
17500,data1,0.1228,0.0167,0.023,0.0809,-1.158,0.0252
17500,data5,0.0915,0.0611,0.0225,0.0535,-1.2271,0.0296
17500,data4,0.0186,0.0028,-0.0021,0.0511,-0.4064,-0.0049
17500,data6,0.0098,0.0015,-0.0055,0.0439,-0.1363,-0.0086
17600,data3,0.0102,-0.001,-0.0031,0.038,-0.2633,0.0065
17600,data2,0.1035,0.0103,0.0182,0.0879,-0.9724,0.0276
17600,data1,0.1184,0.0162,0.0225,0.0786,-1.1431,0.0295
17600,data5,0.0937,0.0621,0.0229,0.0535,-1.2441,0.0295
17600,data4,0.0157,0.0025,-0.0024,0.0518,-0.3873,-0.0033
17600,data6,0.0132,0.0021,-0.0051,0.0437,-0.1485,-0.0093
17700,data3,0.0046,-0.001,-0.0036,0.0354,-0.2517,0.0065
17700,data2,0.0989,0.0091,0.0175,0.0855,-0.9557,0.0274
17700,data1,0.1134,0.0154,0.0219,0.0763,-1.1278,0.0293
17700,data5,0.0959,0.0625,0.0233,0.0535,-1.2607,0.0293
17700,data4,0.0141,0.0017,-0.0027,0.052,-0.3739,-0.0033
17700,data6,0.0169,0.0027,-0.0045,0.0438,-0.1496,-0.0092
17800,data3,-0.0021,-0.0008,-0.0042,0.0322,-0.2301,0.0021
17800,data2,0.0931,0.009,0.0168,0.0824,-0.9324,0.025
17800,data1,0.11,0.0153,0.0214,0.0742,-1.1187,0.0267
17800,data5,0.0954,0.0636,0.0237,0.0531,-1.2726,0.0317
17800,data4,0.0098,0.0017,-0.003,0.0513,-0.3584,-0.0034
17800,data6,0.0253,0.0037,-0.0038,0.0445,-0.1635,-0.0053
17900,data3,-0.0051,-0.001,-0.0047,0.0311,-0.2187,0.0021
17900,data2,0.0863,0.009,0.016,0.0787,-0.9144,0.0248
17900,data1,0.1047,0.015,0.0208,0.0715,-1.1039,0.0266
17900,data5,0.1018,0.0641,0.0241,0.0532,-1.2862,0.0316
17900,data4,0.0035,0.002,-0.0033,0.0491,-0.346,-0.0034
17900,data6,0.0297,0.0042,-0.003,0.0448,-0.1769,-0.0053
18000,data3,-0.0084,-0.0012,-0.0053,0.0291,-0.1997,-0.0002
18000,data2,0.0841,0.0085,0.0153,0.0775,-0.8982,0.0215
18000,data1,0.1021,0.015,0.0202,0.0699,-1.097,0.0239
18000,data5,0.0972,0.0644,0.0244,0.0504,-1.3112,0.0367
18000,data4,0.0001,0.0018,-0.0036,0.0464,-0.3339,-0.0056
18000,data6,0.0302,0.0056,-0.0022,0.0451,-0.1954,-0.0022
18100,data3,-0.0085,-0.0013,-0.0058,0.0288,-0.1876,-0.0002
18100,data2,0.0828,0.0079,0.0146,0.0764,-0.8767,0.0213
18100,data1,0.101,0.0145,0.0196,0.0691,-1.0809,0.0237
18100,data5,0.0969,0.0647,0.0248,0.0502,-1.3294,0.0365
18100,data4,-0.0006,0.0019,-0.0039,0.046,-0.3194,-0.0056
18100,data6,0.0305,0.0068,-0.0014,0.0448,-0.2066,-0.0022
18200,data3,-0.0086,-0.0016,-0.0062,0.0286,-0.1681,-0.0002
18200,data2,0.0817,0.0079,0.0139,0.0755,-0.8594,0.0212
18200,data1,0.1005,0.014,0.0191,0.0686,-1.0702,0.0236
18200,data5,0.0966,0.0657,0.0251,0.0499,-1.3519,0.0364
18200,data4,-0.0006,0.002,-0.0042,0.0458,-0.3051,-0.0055
18200,data6,0.0311,0.0078,-0.0008,0.045,-0.2209,-0.0022
18300,data3,-0.0085,-0.0022,-0.0066,0.0286,-0.1536,-0.0002
18300,data2,0.0807,0.0072,0.0133,0.0747,-0.8361,0.0211
18300,data1,0.1006,0.0134,0.0187,0.0692,-1.0532,0.0234
18300,data5,0.0965,0.0665,0.0255,0.0497,-1.3729,0.0362
18300,data4,-0.0009,0.0014,-0.0045,0.0454,-0.2921,-0.0055
18300,data6,0.0314,0.0089,-0.0001,0.0451,-0.2317,-0.0022
18400,data3,-0.0085,-0.0023,-0.007,0.0284,-0.1352,-0.0002
18400,data2,0.0808,0.0071,0.0128,0.0741,-0.8163,0.021
18400,data1,0.1007,0.0133,0.0183,0.0695,-1.0452,0.0247
18400,data5,0.0962,0.0668,0.0258,0.0496,-1.3929,0.036
18400,data4,-0.001,0.0014,-0.0048,0.0452,-0.2752,-0.0055
18400,data6,0.0313,0.0099,0.0005,0.0449,-0.2454,-0.0022
18500,data3,-0.0086,-0.0021,-0.0073,0.0281,-0.1247,-0.0002
18500,data2,0.0802,0.007,0.0122,0.0735,-0.7947,0.0209
18500,data1,0.0998,0.0131,0.0179,0.0689,-1.027,0.0245
18500,data5,0.096,0.0675,0.0262,0.0492,-1.4114,0.0349
18500,data4,-0.0014,0.0011,-0.0051,0.0448,-0.261,-0.0055
18500,data6,0.0313,0.0112,0.001,0.0448,-0.2562,-0.0022
18600,data3,-0.0115,-0.0023,-0.0076,0.0282,-0.1004,-0.0002
18600,data2,0.0778,0.0063,0.0117,0.0724,-0.7687,0.0199
18600,data1,0.0956,0.0124,0.0175,0.0667,-1.0123,0.0207
18600,data5,0.096,0.0677,0.0264,0.049,-1.4248,0.0347
18600,data4,-0.0034,0.0006,-0.0052,0.0449,-0.247,-0.0057
18600,data6,0.0347,0.0118,0.0015,0.0446,-0.2733,-0.0024
18700,data3,-0.0167,-0.0027,-0.0079,0.0258,-0.0905,0.0005
18700,data2,0.074,0.0056,0.0112,0.0702,-0.7534,0.0197
18700,data1,0.0912,0.0122,0.017,0.0647,-0.9976,0.0195
18700,data5,0.0959,0.0683,0.0267,0.049,-1.4398,0.0358
18700,data4,-0.0017,0.0002,-0.0053,0.0457,-0.2382,-0.0073
18700,data6,0.0393,0.0127,0.0021,0.0446,-0.2811,0.0002
18800,data3,-0.0211,-0.0027,-0.0083,0.0244,-0.0719,0.0005
18800,data2,0.0687,0.0051,0.0107,0.0673,-0.7349,0.0196
18800,data1,0.0882,0.0118,0.0165,0.0629,-0.9892,0.0194
18800,data5,0.0952,0.0686,0.0268,0.0486,-1.4487,0.0356
18800,data4,-0.004,0.0007,-0.0053,0.0462,-0.2284,-0.0073
18800,data6,0.0452,0.0133,0.0028,0.045,-0.2983,0.0002
18900,data3,-0.0238,-0.0027,-0.0086,0.0234,-0.062,-0.0027
18900,data2,0.0625,0.0051,0.0101,0.064,-0.7198,0.0167
18900,data1,0.0833,0.0118,0.016,0.0605,-0.976,0.0178
18900,data5,0.0998,0.0682,0.0268,0.0488,-1.4564,0.0372
18900,data4,-0.0094,0.0008,-0.0054,0.0448,-0.22,-0.0056
18900,data6,0.0489,0.0145,0.0035,0.045,-0.3139,0.0058
19000,data3,-0.0268,-0.0025,-0.0089,0.0216,-0.0475,-0.0027
19000,data2,0.06,0.0045,0.0094,0.0627,-0.7045,0.0166
19000,data1,0.081,0.0116,0.0155,0.059,-0.9708,0.0177
19000,data5,0.0976,0.0681,0.0269,0.048,-1.474,0.0371
19000,data4,-0.0127,0.0011,-0.0055,0.0422,-0.2132,-0.0055
19000,data6,0.0493,0.0153,0.0043,0.0448,-0.3375,0.0058
19100,data3,-0.0268,-0.0026,-0.0093,0.0213,-0.0374,-0.0049
19100,data2,0.0593,0.0041,0.0089,0.0618,-0.6849,0.0155
19100,data1,0.0801,0.0115,0.0151,0.0583,-0.956,0.0167
19100,data5,0.0972,0.0679,0.0271,0.0478,-1.487,0.0346
19100,data4,-0.0129,0.0011,-0.0056,0.0422,-0.202,-0.0078
19100,data6,0.0495,0.016,0.005,0.0445,-0.3521,0.006
19200,data3,-0.0267,-0.0022,-0.0095,0.0211,-0.0201,-0.0049
19200,data2,0.0584,0.0037,0.0084,0.061,-0.6714,0.0154
19200,data1,0.0797,0.0111,0.0146,0.0579,-0.9476,0.0166
19200,data5,0.0968,0.0682,0.0272,0.0476,-1.5038,0.0345
19200,data4,-0.013,0.0013,-0.0058,0.0419,-0.1938,-0.0078
19200,data6,0.05,0.0167,0.0056,0.0447,-0.3713,0.006
19300,data3,-0.0265,-0.0027,-0.0098,0.0212,-0.0082,-0.0049
19300,data2,0.0575,0.0039,0.0078,0.0604,-0.6501,0.0153
19300,data1,0.08,0.0109,0.0142,0.0585,-0.932,0.0184
19300,data5,0.0967,0.0685,0.0274,0.0474,-1.5197,0.0343
19300,data4,-0.0131,0.0013,-0.0059,0.0416,-0.1837,-0.0077
19300,data6,0.0503,0.018,0.0062,0.0447,-0.3861,0.006
19400,data3,-0.0264,-0.0029,-0.0101,0.0211,0.0058,-0.0048
19400,data2,0.0574,0.0042,0.0074,0.0599,-0.6328,0.0152
19400,data1,0.0802,0.0105,0.0139,0.0588,-0.925,0.0183
19400,data5,0.0964,0.0685,0.0276,0.0472,-1.5329,0.0341
19400,data4,-0.0132,0.0014,-0.006,0.0415,-0.1712,-0.0077
19400,data6,0.0503,0.0186,0.0068,0.0445,-0.4037,0.006
19500,data3,-0.0264,-0.0028,-0.0103,0.0209,0.0121,-0.0048
19500,data2,0.057,0.0037,0.0069,0.0595,-0.6129,0.0151
19500,data1,0.0794,0.0106,0.0136,0.0584,-0.908,0.0182
19500,data5,0.0958,0.0688,0.0277,0.0468,-1.5459,0.0342
19500,data4,-0.0132,0.001,-0.0061,0.0414,-0.159,-0.0077
19500,data6,0.0502,0.0193,0.0073,0.0444,-0.4184,0.0059
19600,data3,-0.0291,-0.003,-0.0105,0.0209,0.0293,-0.0047
19600,data2,0.055,0.0037,0.0066,0.0581,-0.5907,0.0159
19600,data1,0.0757,0.0104,0.0133,0.0564,-0.9027,0.0222
19600,data5,0.0953,0.0685,0.0278,0.0466,-1.5534,0.0341
19600,data4,-0.0137,0.0007,-0.0062,0.0422,-0.1482,-0.0071
19600,data6,0.0528,0.0201,0.0078,0.0443,-0.441,0.0066
19700,data3,-0.0326,-0.0032,-0.0107,0.0189,0.0361,-0.0047
19700,data2,0.0515,0.0036,0.0061,0.0561,-0.5766,0.0158
19700,data1,0.0717,0.0103,0.0129,0.0547,-0.8896,0.0221
19700,data5,0.0944,0.0682,0.0279,0.0465,-1.5638,0.0339
19700,data4,-0.0086,0.0005,-0.0062,0.0437,-0.1429,-0.007
19700,data6,0.0574,0.0207,0.0083,0.0442,-0.4517,0.0065
19800,data3,-0.0366,-0.0033,-0.0109,0.0177,0.0514,-0.0081
19800,data2,0.0464,0.0033,0.0057,0.0536,-0.5638,0.0137
19800,data1,0.0689,0.0096,0.0125,0.053,-0.8801,0.02
19800,data5,0.0936,0.0678,0.0278,0.0462,-1.5672,0.0355
19800,data4,-0.0106,0.0004,-0.0061,0.0434,-0.138,-0.0038
19800,data6,0.0612,0.0211,0.0089,0.0444,-0.4712,0.0095
19900,data3,-0.0391,-0.0033,-0.0111,0.0165,0.0588,-0.0081
19900,data2,0.0416,0.0029,0.0052,0.0509,-0.5504,0.0136
19900,data1,0.0642,0.0099,0.012,0.0507,-0.8689,0.0198
19900,data5,0.0967,0.0675,0.0277,0.0464,-1.5702,0.0353
19900,data4,-0.0149,0.0005,-0.006,0.0422,-0.1319,-0.0038
19900,data6,0.0632,0.0215,0.0095,0.0442,-0.4854,0.0095
20000,data3,-0.0423,-0.0032,-0.0114,0.0149,0.0695,-0.0093
20000,data2,0.0392,0.0028,0.0047,0.0496,-0.5379,0.0111
20000,data1,0.062,0.0095,0.0116,0.0494,-0.8625,0.0172
20000,data5,0.0945,0.0668,0.0276,0.0456,-1.5801,0.0402
20000,data4,-0.0179,0.0006,-0.006,0.0398,-0.1311,-0.0063
20000,data6,0.065,0.0225,0.0102,0.0442,-0.5115,0.0124
